,utterance_id,speaker,start,end,duration,energy,zcr,f0_mean,Factor1,Factor2
0,0,A,0.437,0.747,0.31,7.009234e-06,0.042626953125,98.31692506927236,-0.8777600479196735,-0.08569668300312851
1,1,A,7.457,8.45,0.9929999999999994,0.00010593683,0.068267822265625,110.87644063463182,-0.11133124949959089,-0.07662372320374992
2,2,A,8.74,10.11,1.3699999999999992,0.00010735174,0.060524164244186045,108.03659176287083,-0.2501809796781328,-0.03861964363408223
3,3,A,14.09,14.453,0.36299999999999955,9.632906e-05,0.025553385416666668,104.55001002361409,-1.1017091909566636,0.024856812529470244
4,4,A,17.337,18.207,0.870000000000001,0.00021112476,0.07393973214285714,106.87551083815337,-0.08090555384092399,-0.09652940285727682
5,5,A,20.467,20.663,0.1960000000000015,0.00094340846,0.06549944196428571,140.69163607187997,0.17107550321841358,0.19163180186946674
6,6,A,20.667,21.537,0.8699999999999974,0.00016544785,0.0506591796875,102.57693187094166,-0.5869869880224011,-0.03562560891730073
7,7,A,22.77,25.86,3.09,9.7244454e-05,0.061322084407216496,139.04095277051428,0.4617124553370206,0.16441833310849774
8,8,A,27.709,29.895,2.186,5.799772e-05,0.07488394474637682,128.8360343972458,0.444570221161062,0.01877071413646924
9,9,A,29.982,30.632,0.6500000000000021,3.780803e-06,0.053873697916666664,108.40060494251148,-0.4672208192747907,-0.07229737765850726
10,10,A,37.923,39.37,1.4469999999999956,1.1433504e-05,0.07365616508152174,126.65720957061234,0.2893951226726848,-0.03349619211096545
11,11,A,42.1,42.57,0.46999999999999886,4.4271437e-05,0.03017578125,101.24112013596977,-1.0489021060782056,-0.01116809775661994
12,12,A,44.143,45.897,1.7539999999999978,0.005463609,0.07046342329545455,128.12510210302113,0.25881723897413944,1.200725171919634
13,13,A,45.9,46.35,0.45000000000000284,0.00079752086,0.10201822916666667,108.56286568266634,0.4172278415417374,-0.08816717243975918
14,14,A,46.35,47.387,1.036999999999999,6.4963206e-05,0.09718276515151515,165.34014099767523,1.2608110034925553,0.01742864064203224
15,15,A,47.397,49.843,2.446000000000005,0.00012955072,0.04736328125,150.41010632482272,0.2804779812490449,0.23439023497044414
16,16,A,50.717,51.613,0.8960000000000008,2.255931e-05,0.04269935344827586,106.65833922363336,-0.6724552185352216,-0.02013446369075707
17,17,A,52.013,55.333,3.3200000000000003,1.219816e-05,0.08466515174278846,119.08102642880463,0.6367661809966,-0.006904000255961347
18,18,A,55.99,56.927,0.9369999999999976,7.73666e-06,0.067041015625,127.9138682211856,0.11407320149685421,-0.031010500845098866
19,19,A,58.597,64.58,5.982999999999997,8.635931e-05,0.047431170621657755,117.58063548569021,0.26552588234933616,0.2814175482248456
20,20,A,65.253,65.703,0.45000000000000284,1.4532224e-05,0.0302734375,104.92855167851717,-0.9942331837818964,-0.0049374370885183925
21,21,A,66.187,66.597,0.4099999999999966,7.0150786e-06,0.02599158653846154,103.12759969139186,-1.107861838830668,0.0005028795545267855
22,22,A,73.39,73.767,0.37699999999999534,1.8053286e-05,0.018025716145833332,99.91034292160327,-1.3118345057975989,0.018790267888328143
23,23,A,77.15,78.207,1.056999999999988,0.00017569904,0.0656881893382353,101.4719263859123,-0.29320864510899997,-0.08442333231601047
24,24,A,78.543,79.407,0.8639999999999901,1.4241744e-05,0.0869140625,117.907766277173,0.33126930215882344,-0.14652882488529934
25,25,A,81.43,82.217,0.7869999999999919,2.8246628e-05,0.034609375,109.56906005537549,-0.7970369432862021,0.017076035090200368
26,26,A,88.587,89.07,0.4829999999999899,7.1678296e-06,0.037506103515625,102.51068044472274,-0.8887476215556511,-0.04133308990713273
27,27,A,90.748,91.156,0.40800000000000125,2.1774682e-05,0.024338942307692308,102.99828955141437,-1.1415286200551003,0.00936355948176142
28,28,A,91.932,92.618,0.6859999999999928,1.5667594e-05,0.08172052556818182,108.92675938482279,0.07397984112038833,-0.17044964082798578
29,29,A,92.685,92.978,0.29299999999999216,2.8830718e-06,0.017578125,99.60379858560817,-1.3361423933472207,0.011605234446040431
30,30,A,104.202,104.437,0.23499999999999943,2.6633745e-05,0.04180908203125,157.49587549103197,-0.015587894826723498,0.14542178561659472
31,31,A,105.773,106.042,0.26900000000000546,2.5271109e-05,0.0859375,106.5539343108606,0.06223188248360172,-0.21489122983372524
32,32,A,106.573,107.292,0.7190000000000083,6.711192e-06,0.06719174592391304,105.40002156406062,-0.2501949422465667,-0.12967455002456046
33,33,A,108.235,109.254,1.0190000000000055,4.541597e-06,0.038848876953125,96.25097237532493,-0.8850222479987663,-0.04329237120732214
34,34,A,116.569,116.815,0.2459999999999951,5.34593e-05,0.02838134765625,111.34172316961465,-0.9616183848262981,0.02485347582621455
35,35,A,117.338,117.719,0.3810000000000002,2.0433858e-05,0.032185872395833336,100.24835409854391,-1.0374790567847627,-0.03239659626780966
36,36,A,123.142,123.942,0.7999999999999972,4.4993456e-05,0.027569110576923076,113.31748268399289,-0.8727733475396383,0.06231288498854802
37,37,A,125.95,126.354,0.40399999999999636,2.9825658e-05,0.027756911057692308,87.39407222525755,-1.3113658346666146,-0.06193064585845004
38,38,A,127.865,128.377,0.5120000000000147,1.8634255e-05,0.04334214154411765,102.36156475929397,-0.7763835881101881,-0.05981413487028099
39,39,A,130.812,134.235,3.423000000000002,3.689603e-05,0.06841413551401869,115.53250247356931,0.28879237806305524,0.05129424157416197
40,40,A,134.246,137.488,3.2419999999999902,4.413795e-05,0.07712928921568628,129.23529494211232,0.6353944199026711,0.06346870148119216
41,41,A,138.027,143.142,5.115000000000009,0.00022381655,0.060125732421875,111.31769628123143,0.2948324081001924,0.19496774613687415
42,42,A,143.165,144.088,0.9230000000000018,1.9513634e-06,0.09418776939655173,110.43411108708294,0.36520736010864535,-0.2022626419013205
43,43,A,147.165,147.55,0.3850000000000193,6.0326354e-05,0.019831730769230768,104.64985412972769,-1.2056271714654843,0.03995455417157913
44,44,A,148.512,149.104,0.592000000000013,4.089974e-05,0.03217516447368421,106.4995088043068,-0.9156166706731098,0.007113177625702758
45,45,A,151.681,151.965,0.2839999999999918,0.00016608031,0.041937934027777776,113.32127074781175,-0.6701869717269823,0.008285437945399127
46,46,A,152.042,153.031,0.9890000000000043,2.4040262e-05,0.11071383568548387,139.19688185571843,1.1191720765884705,-0.14546956386675308
47,47,A,153.277,154.038,0.7610000000000241,7.6197425e-06,0.09275309244791667,107.20461497344058,0.26768335256581405,-0.21642747641861296
48,48,A,155.45,156.481,1.031000000000006,4.362728e-05,0.052689985795454544,122.66418409808718,-0.2246424628989423,0.015503381347090511
49,49,A,157.931,158.815,0.8839999999999861,4.0218376e-05,0.03627232142857143,109.12267376197944,-0.7591891245012441,0.016766039570317647
50,50,A,159.881,160.585,0.7040000000000077,9.234479e-06,0.049592391304347824,98.99176260490522,-0.6824138573986613,-0.08839791830321087
51,51,A,163.538,164.096,0.5579999999999927,3.022121e-05,0.029296875,110.17798115982453,-0.9195665347572105,0.02796689013942786
52,52,A,165.523,166.258,0.7350000000000136,1.6897424e-05,0.015094259510869566,100.52469080359354,-1.310063987231643,0.05044413081222318
53,53,A,173.796,174.362,0.5660000000000025,1.1562883e-05,0.022759331597222224,101.47117480583893,-1.1730937899741827,0.01535530644887063
54,54,A,174.365,175.008,0.6430000000000007,1.85085e-05,0.07280040922619048,76.9148977562888,-0.5814291735670724,-0.2616438535384905
55,55,A,175.296,176.575,1.2789999999999964,8.822822e-06,0.04442138671875,134.6985787743432,-0.16742659375253413,0.09803457393530253
56,56,A,177.416,178.44,1.024000000000001,1.5516737e-06,0.05547170928030303,144.5358562818115,0.15562822518112687,0.07953987766273908
57,57,A,182.516,183.048,0.5320000000000107,0.00010373409,0.025936351102941176,107.58968390436614,-1.0261324907654932,0.04548556696412304
58,58,A,194.42,195.964,1.5440000000000111,9.611479e-06,0.04853914221938776,118.29720672136563,-0.2996917453587859,0.03336725553027473
59,59,A,199.16,199.58,0.4200000000000159,9.108174e-06,0.018345424107142856,102.8818451607048,-1.2553403141037722,0.029272780347216292
60,60,A,202.236,202.572,0.33600000000001273,7.9943375e-06,0.014914772727272728,102.37949417024532,-1.3392905289686106,0.0356414281804756
61,61,A,210.115,210.43,0.3149999999999977,2.0807302e-05,0.031591796875,108.59286818911585,-0.9324406471583178,-0.0014041473644839952
62,62,A,212.928,213.468,0.539999999999992,2.271998e-05,0.035414751838235295,115.04385578086253,-0.7328192472515124,0.021104880228189637
63,63,A,216.804,217.196,0.3919999999999959,1.12839e-05,0.029033954326923076,102.24781509476809,-1.0657665391131195,-0.01430644624484537
64,64,A,220.015,220.411,0.396000000000015,1.684113e-05,0.03271484375,92.9959658650003,-1.1342117625934829,-0.06229246888827095
65,65,A,222.888,223.764,0.8760000000000048,3.2105538e-05,0.028302873883928572,109.5257758161937,-0.9054285679584261,0.04606731171139463
66,66,A,225.412,226.616,1.2040000000000077,8.573128e-06,0.06503135279605263,120.14026842803749,-0.0047721367357312335,-0.03935234458098724
67,67,A,230.704,232.448,1.7439999999999998,5.678302e-05,0.04983132102272727,121.34294025200433,-0.2028378475406631,0.06096407520827734
68,68,A,235.416,235.604,0.1880000000000166,0.0001077113,0.09049479166666667,88.12351213144473,-0.13920329366394596,-0.2889400629123618
69,69,A,235.608,236.86,1.2520000000000095,0.00047956398,0.048681640625,101.56523873954077,-0.590204595202091,0.05686120177908784
70,70,A,236.86,239.32,2.4599999999999795,0.01195434,0.035600142045454544,101.44268007483588,-0.7478747778944569,2.695069596338562
71,71,A,239.344,240.172,0.828000000000003,4.6404115e-05,0.03438626802884615,97.27093524046859,-0.9803828766743675,-0.023263897656233806
72,72,A,240.176,240.392,0.21600000000000819,4.498468e-05,0.06208147321428571,124.53838984715914,-0.12797478309468124,-0.05446582281289069
73,73,A,240.484,241.388,0.9039999999999964,4.38839e-05,0.1300511853448276,149.7043069948656,1.6322850996839056,-0.1777623729993592
74,74,A,241.416,243.62,2.2040000000000077,8.757242e-05,0.08990743885869565,144.044712700523,0.9601466826534201,0.028245639790547564
75,75,A,245.956,246.168,0.2120000000000175,5.959815e-05,0.054966517857142856,131.53661875389514,-0.15864441186840894,0.0022009720034702933
76,76,A,246.168,247.824,1.656000000000006,0.0010709901,0.060293344350961536,124.8710936463805,0.030624111178661702,0.2540100793748894
77,77,A,247.828,249.896,2.0679999999999836,2.4246883e-05,0.07535306490384615,159.90910835477638,0.9040128203234016,0.12297610678125821
78,78,A,260.236,260.576,0.34000000000003183,8.238377e-06,0.0498046875,113.80704780967352,-0.505085195076417,-0.05127382588436629
79,79,A,261.604,262.484,0.8799999999999955,0.0036904358,0.10719517299107142,173.3772788882143,1.5281438499619968,0.8009925603114149
80,80,A,262.52,263.86,1.3400000000000318,0.0015931436,0.08341471354166667,138.64881102343156,0.630463168277668,0.3187375927253683
81,81,A,264.788,267.464,2.6759999999999877,4.198383e-05,0.06604585193452381,142.63807995813863,0.5499557359483719,0.12690350112325663
82,82,A,268.348,269.644,1.2959999999999923,7.205586e-05,0.10846989329268293,133.4656756235455,1.031619236020427,-0.13261571636804179
83,83,A,272.104,272.675,0.5710000000000264,8.8395085e-05,0.07367621527777778,152.50318663538684,0.5591882539309128,0.037444287252779346
84,84,A,272.675,273.675,1.0,4.7560716e-06,0.0912322998046875,131.4326858866292,0.6345178423808965,-0.10579096346495082
85,85,A,278.08,278.688,0.6080000000000041,1.4967365e-05,0.06484375,119.85456587457998,-0.09287719272226046,-0.06918395301788305
86,86,A,283.556,285.264,1.7080000000000268,3.9044084e-05,0.059380425347222224,141.28740435821157,0.27291044369631073,0.09601316171203761
87,87,A,286.519,287.57,1.0509999999999877,3.362647e-05,0.07250236742424243,110.06199339585532,-0.034930798601931004,-0.10859334051756647
88,88,A,287.968,288.3,0.33199999999999363,7.866199e-06,0.026988636363636364,118.97028140584563,-0.8617407758509732,0.05383777767572129
89,89,A,294.596,295.196,0.6000000000000227,1.7654722e-05,0.04057874177631579,99.08326713549282,-0.8661696098650955,-0.05769817553217654
90,90,A,295.196,295.856,0.6599999999999682,4.538486e-06,0.0734281994047619,143.68772140276675,0.43470680563727687,-0.0093890662240976
91,91,A,296.852,299.172,2.32000000000005,1.4117774e-05,0.05890812285958904,136.37488350439656,0.27276409394589773,0.1050792389292099
92,92,A,299.7,301.508,1.8079999999999927,4.2572545e-05,0.06083813048245614,116.32922671056467,-0.060452181281787386,0.0004970913286851327
93,93,A,302.581,303.374,0.7930000000000064,3.85559e-06,0.0353125,77.18309903421017,-1.2686478843469662,-0.11518509424044879
94,94,A,307.796,307.964,0.16800000000000637,3.114554e-05,0.03515625,107.40348989520866,-0.9024810953648155,-0.024706119040179813
95,95,A,307.988,311.268,3.2799999999999727,3.0509978e-05,0.07697303549757281,137.31629164776257,0.7588723952796059,0.09410129365043404
96,96,A,312.663,312.948,0.28499999999996817,2.3456947e-05,0.03819444444444445,85.70129207317055,-1.154637199167154,-0.11522992419800122
97,97,A,313.052,313.889,0.8369999999999891,6.7391986e-05,0.044867621527777776,115.97717795338106,-0.4996984384771942,0.014376730159678048
98,98,A,317.256,317.76,0.5040000000000191,1.4776253e-05,0.019195556640625,100.59456819959527,-1.2622513131456674,0.02287642715501105
99,99,A,328.24,328.708,0.46800000000001774,1.5633159e-05,0.03277994791666667,101.74319273118256,-0.9920360962909085,-0.02543463379617148
100,100,A,329.68,330.46,0.7799999999999727,3.969808e-06,0.03916015625,99.44978060925773,-0.8632845536324903,-0.044654886597333986
101,101,A,333.652,335.304,1.6519999999999868,1.2437172e-05,0.09041654146634616,176.2009608207817,1.378438594319797,0.10489126086121466
102,102,A,335.344,336.548,1.2040000000000077,5.0090148e-05,0.11148231907894737,164.92028660330547,1.5484857967190047,-0.03256045581558065
103,103,A,336.56,337.044,0.48399999999998045,6.637711e-05,0.11376953125,180.79963734853638,1.733139996008081,-0.013760772880292748
104,104,A,337.36,338.072,0.7119999999999891,0.00013077153,0.06640625,120.07355996653267,-0.04664507504990726,-0.043328918725758996
105,105,A,338.076,338.928,0.8519999999999754,2.0430412e-05,0.10376880787037036,137.52168753387963,0.9438034948482252,-0.13369632309846335
106,106,A,341.4,341.825,0.42500000000001137,0.000248895,0.08255440848214286,136.21448360224616,0.4626720793966606,-0.03078029057110977
107,107,A,341.825,342.48,0.6550000000000296,1.5929623e-05,0.0498046875,102.96491026329993,-0.6254081805846565,-0.07497649146045977
108,108,A,342.492,344.012,1.5199999999999818,3.726804e-05,0.06847127278645833,127.01971336564914,0.20609219524906475,-0.0031481528466507248
109,109,A,346.224,350.54,4.316000000000031,1.3671883e-05,0.0746166087962963,122.8487842863351,0.6366229362451289,0.09722496595953753
110,110,A,352.584,354.304,1.7199999999999704,0.00011271192,0.05220088252314815,119.43573727376075,-0.19005094545684287,0.05579801017682088
111,111,A,354.308,355.716,1.4080000000000155,3.0138353e-05,0.11140407986111112,109.60624510586958,0.7446585776810113,-0.23884215623898084
112,112,A,355.74,356.56,0.8199999999999932,1.4542588e-06,0.08950570913461539,128.94953997803339,0.5402835196888308,-0.11889522834570511
113,113,A,358.02,358.8,0.7800000000000296,9.808383e-07,0.05400390625,113.17172293861324,-0.37565002825021776,-0.048325292480511345
114,114,A,365.008,365.688,0.6800000000000068,1.5402e-05,0.016002308238636364,89.20267386269929,-1.4700962158111526,0.00031063984700606666
115,115,A,366.62,369.704,3.084000000000003,8.341433e-06,0.07660478414948453,120.09920175172144,0.4673158359100222,0.014241712008533823
116,116,A,369.944,371.472,1.5279999999999632,6.7198957e-06,0.0665283203125,122.3464792356253,0.10036204228213312,-0.02013271720346878
117,117,A,372.044,372.956,0.9120000000000346,3.6768295e-05,0.14020406788793102,107.33279349871235,1.1903730541374258,-0.38003543123188016
118,118,A,383.3,383.756,0.45599999999996044,6.265116e-06,0.03766276041666667,101.84610021363481,-0.8993740555388985,-0.04607403848277064
119,119,A,389.228,389.8,0.5720000000000027,2.3765839e-05,0.022705078125,98.43456227253348,-1.2189513063856598,0.0068781641612272884
120,120,A,393.836,400.696,6.860000000000014,6.155355e-05,0.08576716933139535,146.46715952961122,1.5447436947775277,0.288364387619451
121,121,A,404.304,406.848,2.5440000000000396,3.441505e-05,0.104864501953125,147.43595144410398,1.341000887577418,-0.009034379425765795
122,122,A,406.856,407.512,0.6560000000000059,2.8637714e-05,0.03376116071428571,86.93785688867837,-1.170324768696303,-0.07347039184376974
123,123,A,408.412,410.352,1.9399999999999977,6.2555127e-06,0.0638367699795082,95.77662388729655,-0.2939168247300853,-0.09098494694350287
124,124,A,410.672,413.784,3.1119999999999663,0.00028600905,0.0747867506377551,153.69205559822078,0.9389019577697446,0.21287144633329752
125,125,A,413.784,414.488,0.7040000000000077,3.2241842e-05,0.06341287364130435,133.1087952190006,0.09164426086603629,-0.004057306446820502
126,126,A,414.488,415.608,1.1200000000000045,6.6629827e-06,0.09505208333333333,144.5943821604659,0.9206328276443407,-0.06289591915021597
127,127,A,418.168,419.748,1.579999999999984,0.00013638857,0.093115234375,145.1273028643727,0.9529880430583492,-0.0011913070424362556
128,128,A,419.748,422.28,2.5319999999999823,5.1426774e-05,0.062481689453125,111.7242064640362,-0.0009575656384110934,0.01602955592093597
129,129,A,423.136,423.44,0.3039999999999736,8.838705e-06,0.043701171875,126.14154424608546,-0.44071469722113843,0.017373005605763388
130,130,A,423.868,424.72,0.8520000000000323,1.1763745e-05,0.07463469328703703,128.56140962019296,0.2564518150874695,-0.06057169132653611
131,131,A,424.72,426.088,1.367999999999995,1.5886182e-05,0.07274255087209303,93.63715268226606,-0.23403230344996695,-0.16016704912105753
132,132,A,426.408,427.416,1.0079999999999814,1.6590897e-05,0.0420684814453125,95.80873135274562,-0.8321035582300146,-0.05500928037708677
133,133,A,431.684,434.66,2.975999999999999,1.491238e-05,0.10036257480053191,139.97481478933187,1.2018729365152292,-0.0027473354642825946
134,134,A,437.364,439.06,1.6960000000000264,1.3587339e-05,0.062409577546296294,102.22768582950329,-0.25710044677343313,-0.07182369361366353
135,135,A,439.544,440.756,1.211999999999989,2.2927416e-05,0.11632658305921052,110.48776137251724,0.8249773796106401,-0.26568405663973255
136,136,A,440.82,443.844,3.024000000000001,2.1143918e-05,0.03874383223684211,121.8056534436021,-0.23383676122225042,0.16281176245633666
137,137,A,447.076,450.376,3.2999999999999545,1.1245827e-05,0.06074876051682692,100.8397342875964,-0.0935426225147839,0.011579473785666133
138,138,A,454.512,459.32,4.807999999999993,1.7618897e-05,0.05509170633278146,124.35289883876499,0.3548038264158186,0.20272302477112356
139,139,A,463.188,466.948,3.759999999999991,3.6371207e-06,0.04406531382415254,114.76977161892458,-0.13923100385188014,0.1499880839369388
140,140,A,470.492,471.74,1.2479999999999905,7.495141e-06,0.04560546875,127.90799332411959,-0.25100169334658395,0.06557078992265257
141,141,A,472.328,475.568,3.240000000000009,1.2935303e-05,0.050661573223039214,112.4738969586393,-0.11852693963687068,0.09150236812981243
142,142,A,476.06,478.14,2.079999999999984,2.051574e-05,0.048798532196969696,121.77682086483625,-0.17048474440415148,0.07591717755655304
143,143,A,478.364,478.804,0.4399999999999977,3.304937e-05,0.11701311383928571,159.42494742219552,1.468282941007974,-0.1177757404422089
144,144,A,478.856,481.46,2.603999999999985,0.00030467703,0.07345655487804878,127.9883892015538,0.45951340721599226,0.09683295870463624
145,145,A,481.468,483.964,2.495999999999981,0.00082801346,0.07620895965189874,155.73821575699205,0.9103724075051359,0.30287603202816954
146,146,A,483.964,485.756,1.7919999999999732,0.00035045994,0.03978207236842105,173.88252269735335,0.3993868155081757,0.3679597557344956
147,147,A,486.028,486.828,0.7999999999999545,9.046608e-05,0.055908203125,93.6535276006003,-0.6302088273466966,-0.10980825568632702
148,148,A,487.06,488.28,1.2199999999999704,3.822927e-05,0.05586438301282051,102.88861952010974,-0.4356297460138308,-0.06389160880588658
149,149,A,488.98,489.612,0.632000000000005,4.0457267e-05,0.07822265625,120.89899629863487,0.1797997463595912,-0.10859344950979116
150,150,A,489.612,490.056,0.44399999999996,8.577263e-06,0.15701729910714285,88.11900753042202,1.1583904206939688,-0.5475512356781593
151,151,A,490.056,491.996,1.9399999999999977,0.00016131936,0.0411436987704918,101.0991609448388,-0.6457213631246195,0.04892158421776126
152,152,A,493.844,494.0,0.1560000000000059,0.0018378776,0.05615234375,180.00790077849624,0.5727103443164896,0.5728842625419279
153,153,A,494.0,495.556,1.5559999999999832,0.000626548,0.0762515943877551,155.51476880636278,0.7825411046623113,0.20883959938423233
154,154,A,498.533,498.708,0.17500000000001137,5.823953e-07,0.062418619791666664,124.30972731628295,-0.13025354695416866,-0.06851267276526671
155,155,A,503.008,503.508,0.5,1.9601512e-05,0.0311279296875,105.53742053286496,-0.9621807756190744,-0.0021030239047515865
156,156,A,503.824,509.96,6.135999999999967,0.00015166319,0.040501912434895836,105.7167476509556,-0.023801297885112076,0.28413067501308964
157,157,A,509.964,510.692,0.7280000000000086,7.113586e-05,0.16801120923913043,108.50746144662783,1.710802331363275,-0.4819796863943826
158,158,A,510.728,511.384,0.6560000000000059,3.8550566e-05,0.019903273809523808,118.26066606482733,-0.9634468471464782,0.10126349929341724
159,159,A,515.02,517.684,2.6639999999999873,4.0305036e-05,0.05337379092261905,101.55445746684366,-0.3085762322766885,0.015528954408268467
160,160,A,520.704,520.888,0.18400000000008276,2.9607903e-05,0.059733072916666664,147.59232171823066,0.1691363542556186,0.037984031006131326
161,161,A,520.888,521.532,0.6440000000000055,3.1375585e-05,0.04680524553571429,144.95872151964423,-0.053845307422273496,0.10063838028418318
162,162,A,522.1,523.248,1.1480000000000246,3.997866e-05,0.1062282986111111,120.01931343582993,0.7676029877480169,-0.19063020265676917
163,163,A,523.776,525.632,1.8559999999999945,5.1669238e-05,0.08484507415254237,122.47970837935257,0.4938859248493277,-0.06158572709786469
164,164,A,532.716,533.664,0.9479999999999791,8.956905e-06,0.03291015625,126.64689030334239,-0.5512678793903748,0.09322875615207506
165,165,A,534.316,535.02,0.7039999999999509,1.1465116e-05,0.06797724184782608,117.14163817840834,-0.06116516197695613,-0.08719737462625204
166,166,A,535.02,536.664,1.6440000000000055,0.0004112889,0.06954251802884616,121.9713155233202,0.1650829724921097,0.062194607992166744
167,167,A,540.6,542.724,2.1240000000000236,9.2735005e-05,0.11387156016791045,132.67831225801692,1.2336478658170462,-0.10853787112766192
168,168,A,543.072,546.516,3.44399999999996,4.556115e-05,0.06051070601851852,118.7843703070072,0.19034901736807366,0.09649962964479623
169,169,A,551.388,552.052,0.6639999999999873,0.00012881975,0.1356259300595238,106.015333832665,1.0497707551053765,-0.3604599236296251
170,170,A,553.244,553.568,0.32399999999995543,4.6945843e-05,0.07768110795454546,117.42826100857309,0.07595195011729193,-0.13441835707951835
171,171,A,553.568,555.208,1.6399999999999864,0.00013830159,0.08623798076923077,108.8380136617145,0.28604385384576836,-0.11138793807399844
172,172,A,556.724,558.932,2.20799999999997,7.733074e-06,0.06416015625,127.76532750400607,0.2282360413125464,0.04502521021188689
173,173,A,559.552,560.864,1.3120000000000118,5.388905e-06,0.058024088541666664,107.99595651744333,-0.30542547555817534,-0.05483611716047417
174,174,A,562.704,563.844,1.1400000000001,5.378711e-05,0.0640597873263889,132.57709579463454,0.1544969292750574,0.01877639386779391
175,175,A,564.552,566.116,1.5639999999999645,1.3927055e-05,0.08516023596938775,120.7073828180435,0.4342049967424862,-0.09301075499656845
176,176,A,568.152,568.9,0.7479999999999336,0.0017617957,0.09906005859375,146.89853865648885,0.9704785542976694,0.2981683285388852
177,177,A,568.904,569.204,0.2999999999999545,0.0007189174,0.05234375,175.36380209494394,0.45696481282460255,0.330370070795676
178,178,A,569.204,570.948,1.7440000000000282,0.010495232,0.06618430397727272,149.27421388096425,0.4628170541214657,2.405703134996536
179,179,A,570.948,575.808,4.860000000000014,0.00023375703,0.10435084292763158,155.3140934328212,1.7599574981163144,0.1869598609659855
180,180,A,576.936,577.58,0.6440000000000055,0.0014936287,0.03701636904761905,127.93496834473815,-0.5039971081347134,0.3939738812548282
181,181,A,577.584,578.24,0.6560000000000628,2.5971072e-05,0.08251953125,150.54263816994168,0.7094410544085625,-0.012679857519950833
182,182,A,582.1,582.66,0.5599999999999454,6.3652624e-06,0.021375868055555556,93.87414215102206,-1.314112230804947,-0.010118862417202954
183,183,A,582.872,584.46,1.5880000000000791,1.3841932e-05,0.038212890625,92.65444857651322,-0.8745271299873741,-0.023237759504484982
184,184,A,584.916,587.34,2.423999999999978,1.4641162e-05,0.033768503289473686,98.3145232773351,-0.7614424576225616,0.05867767810547044
185,185,A,593.784,594.36,0.5760000000000218,1.6962053e-05,0.03893400493421053,95.44604063869085,-0.9551850768846524,-0.06690033436412392
186,186,A,597.619,597.907,0.2880000000000109,1.3008939e-06,0.07353515625,229.2516861742166,1.6704730677807618,0.299325432325114
187,187,A,603.024,603.428,0.40399999999999636,2.379591e-05,0.05618990384615385,115.89727053961545,-0.344013304595263,-0.06049388865791844
188,188,A,603.432,604.376,0.94399999999996,1.6220292e-05,0.0626953125,105.51819974158761,-0.3035384894163994,-0.09858208317666205
189,189,A,605.528,606.312,0.7839999999999918,2.5845625e-06,0.05525390625,121.39102017097208,-0.22807561125235498,-0.02085123779020015
190,190,A,606.852,607.844,0.9920000000000755,7.771025e-06,0.0459136962890625,117.63326226612607,-0.4337696906926958,0.011706827949204924
191,191,A,609.304,610.38,1.0760000000000218,4.2315323e-06,0.0822610294117647,146.00211454664674,0.6930722999440683,-0.012221763432037788
192,192,A,615.132,615.544,0.41200000000003456,6.8629697e-06,0.032076322115384616,154.7142220733447,-0.2181071985987105,0.17610877540716638
193,193,A,615.924,617.148,1.2240000000000464,6.141325e-05,0.06814653445512821,110.30563718810751,-0.09083393912881203,-0.07621286613562585
194,194,A,617.796,618.588,0.7919999999999163,1.9825624e-05,0.0805859375,116.79345005588006,0.1847173478191118,-0.12952819515522
195,195,A,625.232,627.324,2.0919999999999845,2.7487587e-05,0.07029030539772728,119.36763803733812,0.20285531085640446,-0.011964792172990747
196,196,A,628.38,628.98,0.6000000000000227,3.4772358e-05,0.1171618009868421,120.82582481748214,0.9134956590935652,-0.2581280334441025
197,197,A,632.688,633.028,0.34000000000003183,3.8808583e-05,0.06627308238636363,95.32733475076144,-0.46996761754371874,-0.17750849632433743
198,198,A,635.696,636.092,0.39599999999995816,0.00012754815,0.06253756009615384,119.53867173781542,-0.17061060993294033,-0.04791086594401886
199,199,A,636.096,636.836,0.7400000000000091,5.1977455e-05,0.09820556640625,117.28557886613355,0.5193267504289097,-0.1894660624536763
200,200,A,637.38,638.008,0.6280000000000427,3.5304345e-06,0.0520751953125,174.38236181639303,0.4856619744236037,0.18703659469177916
201,201,A,643.276,643.568,0.29200000000003,7.065708e-05,0.032568359375,119.16310608258782,-0.7587119563717744,0.045366822167416145
202,202,A,644.984,645.488,0.5040000000000191,2.5030828e-05,0.0672607421875,145.2624496852467,0.3201531482272798,0.016285639694596923
203,203,A,645.616,646.912,1.2960000000000491,0.000194256,0.047780106707317076,144.72886191252488,0.04796923502151983,0.16570460781084215
204,204,A,647.144,648.064,0.9199999999999591,3.2845357e-05,0.038591056034482756,107.57814698072174,-0.7334627829146898,0.0023507069966669184
205,205,A,648.28,649.836,1.55600000000004,7.632953e-05,0.03398038903061224,107.07700441305174,-0.7431557600536397,0.06024393843893916
206,206,A,650.064,651.024,0.9600000000000364,1.479186e-05,0.04334677419354839,129.19153284346575,-0.3134217592902747,0.06569763392932837
207,207,A,656.636,657.008,0.37200000000007094,3.4919278e-05,0.017618815104166668,99.81833754345969,-1.3217139922323728,0.02342115183408816
208,208,A,659.212,659.54,0.32799999999997453,1.2836012e-05,0.020152698863636364,99.98066254623919,-1.2769725197958406,0.007381922393446582
209,209,A,661.536,662.075,0.539000000000101,9.0111125e-06,0.03868910845588235,105.23801016245821,-0.8178477522875547,-0.03198555019813106
210,210,A,663.756,664.108,0.35199999999997544,3.6665788e-05,0.0284423828125,112.84429419734704,-0.9235459231418942,0.03219077158261732
211,211,A,664.6,665.192,0.5919999999999845,2.4762781e-05,0.017064144736842105,99.50475088074262,-1.3072736624857995,0.03344913108696572
212,212,A,669.044,669.772,0.7280000000000655,2.6680238e-05,0.029997452445652172,119.49500203141187,-0.7435759119893224,0.06918609091373812
213,213,A,676.544,676.972,0.42799999999999727,3.7403324e-06,0.03452845982142857,96.3511379624405,-1.0450617874679595,-0.057433382629747655
214,214,A,678.504,678.94,0.43600000000003547,6.117577e-06,0.031110491071428572,97.53851536767854,-1.0910575104987876,-0.03908336319755209
215,215,A,681.944,684.108,2.1639999999999873,1.3982227e-05,0.05686322380514706,117.62470224948153,-0.06836836938827154,0.032547023691426494
216,216,A,684.892,686.236,1.3439999999999372,4.0764946e-05,0.0603538335755814,120.6833003080863,-0.06675748834687656,-0.005349249073680183
217,217,A,687.132,688.212,1.080000000000041,0.001468691,0.07035558363970588,189.90820403091632,1.117452854009866,0.5240999016745792
218,218,A,688.22,690.848,2.627999999999929,0.00045782872,0.06194700677710843,148.89843917632786,0.5570865578670462,0.25547963721096223
219,219,A,696.192,699.88,3.687999999999988,8.484451e-05,0.06757644127155173,108.55117050557307,0.20352093207118052,0.05186645947442533
220,220,A,700.212,701.208,0.9959999999999809,8.557308e-06,0.0889434814453125,104.23183061124682,0.18239782864201012,-0.20117434585180075
221,221,A,704.912,705.316,0.40399999999999636,1.9539562e-05,0.020244891826923076,95.4905533499049,-1.332403206628775,-0.0048240504995889595
222,222,A,707.972,710.292,2.32000000000005,4.012584e-06,0.05920242936643835,107.93723279711837,-0.14826140807905905,-0.00762454758571449
223,223,A,710.712,712.136,1.4239999999999782,9.8945675e-06,0.06732855902777778,99.19974171433654,-0.24575602800637286,-0.11684690121829105
224,224,A,713.576,714.256,0.67999999999995,2.3529723e-05,0.05528675426136364,121.52581193256698,-0.23955566684228616,-0.021226220066114236
225,225,A,714.496,716.324,1.8279999999999745,7.916465e-06,0.11841662176724138,111.19714002937575,0.9582920466549307,-0.24223538904813846
226,226,A,717.1,717.664,0.5639999999999645,1.1358739e-05,0.04332139756944445,92.8877793368458,-0.9118768099481412,-0.09508368491368727
227,227,A,724.004,728.684,4.67999999999995,1.2824706e-05,0.06651586415816327,109.64984982473186,0.333833993047535,0.09555866191674159
228,228,A,729.024,730.38,1.3559999999999945,1.3458408e-05,0.06029705668604651,134.3651966077258,0.139227547618488,0.0420928076065961
229,229,A,732.18,733.876,1.6960000000000264,4.684859e-06,0.06227394386574074,151.34169711129485,0.47727710750660324,0.11561993714336774
230,230,A,743.3,743.696,0.39600000000007185,1.28865695e-05,0.02892127403846154,96.74396228878658,-1.1499554115039992,-0.034491028817542076
231,231,A,743.823,747.009,3.1860000000000355,9.4761635e-05,0.058408203125,119.87986612512839,0.13185383209805535,0.10609700699694946
232,232,A,755.436,756.127,0.6909999999999172,2.5359712e-05,0.01529208096590909,94.13723786682581,-1.4081193877457288,0.02472062380883698
233,233,A,763.518,765.009,1.4909999999999854,9.578775e-06,0.06030792885638298,111.96091589063717,-0.17852170883962507,-0.03798323799917513
234,234,A,765.15,768.336,3.1860000000000355,1.5156134e-05,0.0724169921875,128.08011993727695,0.5212626775212611,0.06745537981874103
235,235,A,769.591,770.655,1.0639999999999645,0.0002751819,0.09340533088235294,156.74153055259774,1.0624524357084728,0.04624690594136709
236,236,A,770.655,772.586,1.93100000000004,0.00031105796,0.040983606557377046,138.4076648079718,-0.09111665042062422,0.2255231190178456
237,237,A,774.023,778.105,4.081999999999994,3.5502107e-05,0.075653076171875,126.18571627501115,0.6747331556661217,0.09886039033717892
238,238,A,779.355,783.277,3.9220000000000255,8.239826e-06,0.054512830284552845,95.51737859254332,-0.20801990264167958,0.04607564253070595
239,239,A,784.364,785.818,1.4539999999999509,2.0727416e-06,0.06690514605978261,110.54131944403484,-0.07953984059856176,-0.07180532336515558
240,240,A,788.8,789.782,0.9820000000000846,2.3316179e-05,0.026225428427419355,97.25828734769476,-1.1145968569070142,0.010244167082332804
241,241,A,803.093,803.53,0.4370000000000118,4.6095454e-05,0.022216796875,105.03072781673589,-1.1475580697896517,0.032012918863684126
242,242,A,806.664,807.886,1.22199999999998,1.4597774e-05,0.06206179887820513,89.20527735382223,-0.5228913070587331,-0.14491069488385383
243,243,A,814.773,815.114,0.3410000000000082,3.207164e-05,0.012340198863636364,99.45398169481508,-1.4315240446395596,0.03962694023154586
244,244,A,816.659,816.991,0.33199999999999363,9.007398e-05,0.02179509943181818,102.51321142515017,-1.2077355252754962,0.028166069291658376
245,245,A,818.373,818.741,0.36799999999993815,1.0978945e-05,0.038981119791666664,95.62138008661962,-0.9796192726888687,-0.07848570248970899
246,246,A,819.536,820.082,0.5460000000000491,1.3929823e-05,0.03781467013888889,128.53487258524618,-0.4839907321857602,0.06234698456114128
247,247,A,821.795,824.255,2.4600000000000364,0.001981653,0.08440290178571429,120.50655941601926,0.5253878765518011,0.3887717639726081
248,248,A,824.327,824.932,0.6050000000000182,0.002798971,0.08000102796052631,151.34280218420162,0.6498321165314271,0.6078983340009615
249,249,A,824.932,828.527,3.5950000000000273,0.00018836229,0.10514899059734513,115.57575133783578,1.0088944243654636,-0.044342063828871556
250,250,A,830.686,831.655,0.9689999999999372,0.00014827425,0.08455141129032258,125.89962396653496,0.4196477184130192,-0.07196111826989422
251,251,A,831.664,833.905,2.2409999999999854,5.0156646e-05,0.06214238556338028,112.97647282557247,-0.02776818328594381,0.006780601362475177
252,252,A,835.123,836.555,1.4319999999999027,9.424569e-06,0.030338541666666666,85.61086863300572,-1.1506328805290864,-0.029780046982798836
253,253,A,836.959,840.641,3.6820000000000164,0.00016976941,0.06221797548491379,109.4713813665737,0.11429713428242977,0.09393613883617626
254,254,A,840.65,843.355,2.705000000000041,2.1515294e-05,0.08660960477941176,135.94922769088683,0.8439264099136278,0.020886403035796617
255,255,A,847.464,848.464,1.0,0.000114886796,0.0822296142578125,118.4557100916732,0.26826936244806915,-0.09761292468131573
256,256,A,848.464,848.855,0.3909999999999627,1.0755503e-05,0.03087439903846154,122.78184211600784,-0.7228774975671772,0.05758315430145845
257,257,A,849.227,853.486,4.2590000000000146,6.1944986e-05,0.06106795125932836,116.61117199796688,0.2779140974700829,0.13183556239471578
258,258,A,856.086,858.495,2.408999999999992,4.342847e-05,0.0748291015625,111.18188142094962,0.20875341569308967,-0.040588820047782206
259,259,A,858.973,859.873,0.900000000000091,1.6652422e-05,0.0613213900862069,129.71669675591022,0.02752934164360801,-0.002532164260839856
260,260,A,865.1,865.296,0.19600000000002638,2.0479285e-06,0.039829799107142856,82.42712099622356,-1.184571278479873,-0.14328960039048944
261,261,A,871.227,872.673,1.4460000000000264,5.7206926e-06,0.04097316576086957,100.76868182483051,-0.7194554439227021,-0.011541739231639914
262,262,A,883.564,883.995,0.43100000000004,2.3536237e-05,0.023890904017857144,103.60456683636745,-1.137851008987009,0.014957487274449982
263,263,A,884.232,884.777,0.5450000000000728,1.5039893e-05,0.021158854166666668,100.51476517211827,-1.2206684358766737,0.017370852617121405
264,264,A,884.805,886.427,1.622000000000071,1.3809779e-05,0.060250076593137254,103.628106849878,-0.28703757138340574,-0.06210245000580632
265,265,A,894.332,894.909,0.5769999999999982,0.000100655125,0.07971833881578948,146.69840858994792,0.5875067556430349,-0.004578781541660924
266,266,A,894.909,895.936,1.0270000000000437,6.993645e-05,0.08641098484848485,114.0988759358386,0.2861715723991638,-0.1385859905936375
267,267,A,895.936,897.891,1.9549999999999272,0.00022457264,0.06303553427419355,146.57258688720506,0.4536934122324972,0.15624409621987875
268,268,A,898.845,900.545,1.6999999999999318,4.565675e-05,0.09938331886574074,149.6879291222983,1.1570892142803852,-0.02097883098350701
269,269,A,900.545,901.323,0.77800000000002,0.00018106156,0.05666015625,106.10289747434847,-0.43266352937930097,-0.04594107441499608
270,270,A,901.323,903.077,1.754000000000019,4.659342e-05,0.057075639204545454,137.91016836110134,0.18463934783413755,0.09572952296057578
271,271,A,905.714,906.195,0.48099999999999454,9.922701e-05,0.032867431640625,114.64440953504602,-0.7955693982030734,0.04293715793925171
272,272,A,906.727,907.486,0.7590000000000146,0.0001341658,0.058308919270833336,103.06855640645982,-0.44916732322933495,-0.07511862986929183
273,273,A,909.414,913.255,3.841000000000008,1.2418333e-05,0.05040192407024793,106.21573553491272,-0.13645660104708437,0.09940000638344489
274,274,A,918.282,918.714,0.43200000000001637,2.4231682e-05,0.019356863839285716,107.50839821854642,-1.1652045156813542,0.04721697364971081
275,275,A,925.132,927.209,2.076999999999998,6.784116e-05,0.09054236778846154,116.58426923298055,0.5432133053681291,-0.09067269208693544
276,276,A,927.864,930.873,3.0090000000000146,0.00041490077,0.05215357730263158,104.85713472550515,-0.23803744535768684,0.13316673330336026
277,277,A,930.886,933.073,2.187000000000012,2.3723574e-05,0.07620725769927536,143.35737056701157,0.6879062417098584,0.06215077058858176
278,278,A,935.409,936.223,0.8139999999999645,5.4130625e-05,0.10796649639423077,89.5267286729304,0.29804773195090056,-0.32860815406905675
279,279,A,936.318,936.789,0.47100000000000364,1.7590204e-05,0.02119140625,95.27132595690678,-1.3086978014365205,-0.006186198002731855
280,280,A,940.218,940.864,0.6460000000000719,2.2848733e-05,0.028738839285714284,122.32582087297926,-0.7360047208558227,0.07971608459010376
281,281,A,942.277,944.442,2.1649999999999636,5.8195947e-06,0.09336224724264706,112.26010659057263,0.5440792105955373,-0.12700560317598555
282,282,A,947.173,947.636,0.46299999999996544,3.2390966e-05,0.033430989583333334,124.33390154500178,-0.6415079225859375,0.062434958786276945
283,283,A,948.168,948.582,0.41399999999998727,6.062521e-05,0.019305889423076924,101.7891821123638,-1.2546272154785536,0.032495279628839566
284,284,A,951.314,951.655,0.3410000000000082,5.87178e-05,0.02277166193181818,104.68728812763187,-1.1551778926927403,0.02641791755567628
285,285,A,952.605,952.977,0.37199999999995725,2.6860715e-05,0.024820963541666668,102.62190941382393,-1.1429034884695013,0.005361279172144337
286,286,A,953.218,953.341,0.1230000000000473,2.1132679e-05,0.01953125,102.64444056675431,-1.2764434994004286,0.011179832364658094
287,287,A,953.341,954.095,0.7540000000000191,1.3257198e-05,0.046732584635416664,103.79715260774196,-0.6578887276297526,-0.055694542387523
288,288,A,954.359,955.459,1.099999999999909,1.5614038e-05,0.04087611607142857,99.59664785668961,-0.7855127794385531,-0.031413199115192955
289,289,A,959.15,959.941,0.7910000000000537,1.6833057e-05,0.05439453125,120.5728904731692,-0.25580656128393686,-0.01726789185100325
290,290,A,960.427,960.959,0.5319999999999254,3.1956093e-05,0.06362017463235294,92.0965695234321,-0.542909551070864,-0.17153581664913492
291,291,A,961.205,962.073,0.8679999999999382,1.2406009e-05,0.05894252232142857,91.4405697335842,-0.5961905985863571,-0.1433944486633033
292,292,A,962.082,962.373,0.29100000000005366,1.238671e-05,0.024267578125,87.5345897482799,-1.3905878229915456,-0.05796499872981758
293,293,A,963.291,964.942,1.6509999999999536,1.8440835e-05,0.04535381610576923,90.23363744205508,-0.7668621852289736,-0.055112701151679946
294,294,A,978.509,979.086,0.5769999999999982,0.00016288887,0.018811677631578948,102.93323085248858,-1.2255283299132353,0.06970948787395763
295,295,A,980.423,980.891,0.4679999999999609,2.782763e-05,0.02021484375,97.96723538263537,-1.2872504196486665,0.009951829944034252
296,296,A,982.577,984.014,1.4370000000000118,3.858777e-05,0.03631727430555556,100.77602299351864,-0.8091264906908157,0.012756990937876541
297,297,A,984.409,985.809,1.3999999999999773,2.0051957e-05,0.04952725497159091,89.85325913461398,-0.7271505244277428,-0.08489640473255157
298,298,A,986.023,987.732,1.7089999999999463,3.1462794e-05,0.045482494212962965,100.10154572576039,-0.6086366937633537,-0.011774441947957473
299,299,A,988.264,989.923,1.6589999999999918,1.2972472e-05,0.042724609375,108.63477739259565,-0.5395671446083932,0.02474993957037313
300,300,A,992.614,993.018,0.40399999999999636,2.1434487e-05,0.017803485576923076,97.55547184210914,-1.3477710953890705,0.01271055181284847
301,301,A,994.073,994.577,0.5040000000000191,2.7205078e-05,0.016845703125,98.8707905049582,-1.332790804182434,0.027815267848153635
302,302,A,994.986,996.436,1.4500000000000455,8.619009e-06,0.040007218070652176,96.45662779155485,-0.8019657479436862,-0.02365045118160101
303,303,A,1004.223,1006.668,2.44500000000005,2.7532491e-05,0.05608258928571429,99.17184515743537,-0.3223096796970247,-0.01796229330591796
304,304,A,1007.0,1009.191,2.191000000000031,8.5994965e-05,0.039536628170289856,99.09939897185315,-0.6719839209909609,0.04367272208976763
305,305,A,1009.8,1010.864,1.0640000000000782,2.9008135e-05,0.04339958639705882,101.85003905435401,-0.7087350675298678,-0.03114404183178965
306,306,A,1011.25,1013.859,2.6090000000000373,5.2840613e-05,0.053157155106707314,98.08874360279745,-0.37216625653651986,0.0029279464338758015
307,307,A,1014.418,1017.341,2.923000000000002,0.00010616561,0.07689898947010869,103.47381103922149,0.20118788617700425,-0.03759544902279317
308,308,A,1017.564,1019.477,1.913000000000011,6.801309e-05,0.1212646484375,116.00128944710757,1.0955014967385497,-0.2168284241909044
309,309,A,1019.964,1024.141,4.177000000000021,0.00011023066,0.08647050930343511,126.85644571671999,0.9024416192726888,0.08215844552504999
310,310,A,1024.5,1026.205,1.7049999999999272,0.00020557444,0.06639720775462964,121.91354477830502,0.11398575723534735,0.03164770128078979
311,311,A,1026.764,1027.536,0.7720000000001619,0.00016571463,0.054453125,113.72548984390349,-0.36089885726378346,-0.012019856099077988
312,312,A,1027.827,1030.409,2.5820000000001073,9.36003e-05,0.0832790798611111,115.43061744836729,0.45585976987708443,-0.03600303523806519
313,313,A,1030.722,1031.786,1.0640000000000782,4.5802586e-05,0.056195427389705885,116.2075610725756,-0.2505547114425695,-0.020316583432470822
314,314,A,1032.037,1036.414,4.376999999999953,0.00021377762,0.07240818886861314,135.14405109526908,0.7861701877084966,0.2000376445714403
315,315,A,1036.586,1037.064,0.4780000000000655,7.390954e-05,0.12535807291666667,126.55937393998411,1.1384264283569951,-0.2645759000545496
316,316,A,1037.064,1049.382,12.317999999999984,0.00026686682,0.07947443181818181,122.50525992741618,1.7991522795213903,0.5475494517979386
317,317,A,1049.882,1051.055,1.1730000000000018,6.792917e-05,0.07584195523648649,105.7853850324304,-0.019499830594967474,-0.12372420628115843
318,318,A,1052.027,1052.736,0.70900000000006,6.802876e-05,0.052224864130434784,128.40884022311357,-0.19076747998305107,0.02805423527164323
319,319,A,1053.641,1056.086,2.4449999999999363,0.00011989901,0.06115564123376623,102.70808165792165,-0.1735305310493365,-0.003086733870252114
320,320,A,1056.086,1057.805,1.719000000000051,2.9332734e-05,0.08781828703703703,122.37119610883336,0.5303864941695867,-0.08518672585996212
321,321,A,1058.786,1059.627,0.8409999999998945,0.00013879217,0.09004267939814815,124.57683040376486,0.4868549840881609,-0.10639928389674595
322,322,A,1059.627,1062.509,2.882000000000062,8.436754e-06,0.09512899210164835,104.60143453240237,0.5591914314751188,-0.1254163958514561
323,323,A,1064.082,1065.514,1.431999999999789,2.9799621e-05,0.03453776041666667,116.80592061490222,-0.6030113787149979,0.07890243480800785
324,324,A,1065.964,1066.164,0.20000000000004547,1.5436558e-06,0.08740234375,149.89159834732226,0.7311228600212116,-0.06251461216147595
325,325,A,1066.377,1067.523,1.1459999999999582,1.3248561e-05,0.046956380208333336,111.1760511168903,-0.4901681575804129,-0.007870029522799762
326,326,A,1067.791,1069.955,2.1639999999999873,8.057097e-06,0.06653550091911764,105.30269018235848,-0.06962923651164353,-0.052500094064199025
327,327,A,1074.768,1075.532,0.7639999999998963,2.2813292e-05,0.11529541015625,127.83945033151917,1.0054493193440952,-0.21828471678924993
328,328,A,1076.641,1076.982,0.3409999999998945,5.0775316e-06,0.024547230113636364,100.30236256507361,-1.1869403103889937,-0.008932552599099551
329,329,A,1078.541,1079.014,0.47299999999995634,6.817044e-06,0.024934895833333335,100.94757337002426,-1.1521458692101847,-0.0006932678977792356
330,330,A,1080.618,1082.336,1.7180000000000746,4.7816875e-06,0.07533094618055555,136.92899168199145,0.5118143299004174,0.01227588934254081
331,331,A,1082.755,1083.623,0.8679999999999382,2.514543e-06,0.07638113839285714,113.2212883589074,0.061649124001109265,-0.1273428573528587
332,332,A,1084.582,1086.023,1.4409999999998035,1.1048569e-05,0.059740149456521736,115.36423410803697,-0.14497416062674162,-0.025024128583885495
333,333,A,1086.668,1087.773,1.1050000000000182,9.479233e-07,0.07174944196428572,128.4031790640982,0.2334342530009714,-0.039624460997281646
334,334,A,1094.25,1095.023,0.7729999999999109,9.509659e-06,0.02115234375,97.09866658614642,-1.2413250415240078,0.014839143844830321
335,335,A,1102.459,1102.946,0.48699999999985266,1.9788236e-05,0.023651123046875,98.01454723088524,-1.218713440979958,-0.0035678853934666935
336,336,A,1107.591,1108.114,0.5230000000001382,4.926884e-05,0.06160960477941176,98.48356934941188,-0.48655804056043267,-0.13606798972437814
337,337,A,1109.982,1114.496,4.514000000000124,6.2924555e-05,0.050196687940140844,118.7210474525229,0.13754913930898566,0.1942209725652075
338,338,A,1114.496,1115.355,0.8589999999999236,6.220486e-06,0.10092954282407407,89.90784691099924,0.17655399082244125,-0.30891724122699293
339,339,A,1115.364,1117.673,2.308999999999969,7.202344e-05,0.058466663099315065,101.2536868755328,-0.2644011841141201,-0.016156328612663643
340,340,A,1118.323,1119.536,1.2129999999999654,3.342785e-05,0.07857473273026316,106.70731649153925,0.05179552730466829,-0.1359767651431706
341,341,A,1124.418,1125.382,0.9640000000001692,0.00011779861,0.08162172379032258,126.79809153365635,0.37703590235047546,-0.06446510125456964
342,342,A,1125.386,1128.209,2.8230000000000928,8.353026e-05,0.06744316186797752,153.1951889802505,0.7544051480883112,0.17901246049704306
343,343,A,1131.314,1132.218,0.9039999999999964,3.63853e-06,0.03645272090517242,80.97069548949281,-1.1752366929003277,-0.09920613728025343
344,344,A,1134.246,1136.573,2.326999999999998,1.4652652e-05,0.0705265410958904,108.59852328327013,0.07746956123723488,-0.04493516951935453
345,345,A,1136.85,1139.832,2.9820000000001983,2.2966722e-05,0.05933656083776596,122.63718198597599,0.16382577147558472,0.0868438720397131
346,346,A,1147.927,1148.409,0.48200000000019827,8.839681e-05,0.023956298828125,111.46544195700682,-1.0121987955986451,0.06186816216228853
347,347,A,1165.8,1166.109,0.3089999999999691,4.094703e-05,0.020751953125,105.38038388463653,-1.1873113672863975,0.031104594715749913
348,348,A,1166.532,1166.873,0.3410000000001219,6.4724474e-05,0.023526278409090908,88.07621880801217,-1.3901213526538758,-0.03898217749710129
349,349,A,1169.905,1170.973,1.0679999999999836,0.00012685954,0.043686810661764705,87.64280065036358,-0.9165059972924946,-0.06510908050870065
350,350,A,1171.796,1172.473,0.6769999999999072,1.3395668e-05,0.10746626420454546,90.63926745524162,0.287055091965755,-0.33851042754039046
351,351,A,1174.246,1174.736,0.4900000000000091,2.0016883e-05,0.0174560546875,98.03770341413195,-1.3355461934082966,0.020009729512192764
352,352,A,1176.123,1176.596,0.47299999999995634,1.3871504e-05,0.024446614583333335,97.72175648250048,-1.2098561339787244,-0.009711231136515711
353,353,A,1180.277,1183.241,2.963999999999942,3.7721836e-06,0.05171055947580645,106.88464112489862,-0.21956952731492974,0.049761156566486206
354,354,A,1183.623,1186.505,2.882000000000062,5.5823125e-06,0.03957760989010989,94.79870115195251,-0.6422362979005972,0.04503216521029707
355,355,A,1195.446,1196.332,0.8860000000001946,1.3985471e-05,0.07809012276785714,131.36511882831684,0.3686649456521642,-0.06052611996228505
356,356,A,1196.782,1197.696,0.9139999999999873,1.7464528e-05,0.04549434267241379,119.22089686342228,-0.4284661206415602,0.017486817288006027
357,357,A,1197.696,1200.732,3.036000000000058,8.289516e-05,0.07950760690789474,151.54473403522815,0.9872981584427977,0.13820687957501981
358,358,A,1200.736,1203.432,2.6959999999999127,0.00039840062,0.07385684742647058,115.68879807279308,0.29438009333996445,0.07342527019644923
359,359,A,1203.441,1205.282,1.8409999999998945,4.792656e-05,0.09867490571120689,80.69279373783152,0.12741738552750323,-0.2758770539118827
360,360,B,3.477,3.737,0.26000000000000023,3.3620386e-06,0.0661349826388889,125.63838883126502,-0.028358297848935104,-0.07235848613491809
361,361,B,6.157,7.323,1.1660000000000004,6.286759e-06,0.08360166807432433,114.08721545665607,0.25177345216747754,-0.13489567269739985
362,362,B,10.743,14.34,3.5969999999999995,2.2989403e-05,0.07270637444690266,143.14183902180457,0.8080090680367474,0.14729212891201962
363,363,B,14.637,14.91,0.2729999999999997,1.2790686e-06,0.060980902777777776,87.59352072424977,-0.6952385224643602,-0.1990958407602253
364,364,B,15.283,15.577,0.2940000000000005,1.0223249e-06,0.082373046875,97.81629041141869,-0.1330064317659876,-0.23914649126995763
365,365,B,16.067,17.237,1.1699999999999982,1.6827743e-06,0.08163534628378379,100.19272970199904,0.0065488546740865555,-0.18175125203558315
366,366,B,18.647,22.57,3.923000000000002,8.9028996e-05,0.06884765625,116.67566592801936,0.3811513000184427,0.09141992381466553
367,367,B,25.373,30.15,4.7769999999999975,3.252609e-05,0.075078125,130.82695085183818,0.8270185225287155,0.1541859680185402
368,368,B,30.427,30.83,0.4029999999999987,1.2227114e-06,0.06058443509615385,126.88300874614653,-0.0957736350253117,-0.03978115195076596
369,369,B,31.75,32.6,0.8500000000000014,1.11273075e-05,0.06548394097222222,107.99649183362622,-0.22604721444603293,-0.1055175428353258
370,370,B,33.243,33.63,0.38700000000000045,2.5773943e-06,0.046274038461538464,91.86298754705325,-0.8949810365118747,-0.12121647512768306
371,371,B,35.647,36.153,0.5060000000000002,1.8153995e-06,0.080413818359375,123.35890535397323,0.24157329028097213,-0.12239850756914257
372,372,B,37.313,37.92,0.6069999999999993,1.2286896e-05,0.060572574013157895,105.50890323544627,-0.3893020932223165,-0.10894761353523946
373,373,B,38.93,39.19,0.259999999999998,9.6023905e-06,0.06629774305555555,105.37516803169149,-0.3293328308892527,-0.14952906317020032
374,374,B,39.883,42.62,2.7369999999999948,1.8359717e-05,0.05368254905523256,122.4423851559853,0.020642149455336913,0.09364961158176403
375,375,B,42.96,46.113,3.1529999999999987,0.0031353757,0.07523970170454546,119.7319265352335,0.4260703299213652,0.7101716450231039
376,376,B,46.113,47.577,1.4639999999999986,0.00010269186,0.08786939538043478,150.56207249987747,0.9195570763968646,0.02600214248128521
377,377,B,49.93,50.647,0.7169999999999987,7.722793e-06,0.08523692255434782,96.62033337067926,-0.03970116266561865,-0.23114152739837046
378,378,B,54.523,56.053,1.529999999999994,8.202527e-06,0.10184733072916667,107.07377441086089,0.5418291608448336,-0.21118162022676143
379,379,B,56.417,56.93,0.5129999999999981,2.1343512e-06,0.03998161764705882,154.8200742758347,-0.052853281058713,0.15099131416670158
380,380,B,56.93,58.41,1.4799999999999969,9.4228255e-07,0.0838389295212766,118.69066649964421,0.3676415089206167,-0.10300820870207798
381,381,B,63.17,63.833,0.6629999999999967,7.719091e-06,0.05140904017857143,92.10478032710465,-0.7567739436658465,-0.12416871308494021
382,382,B,63.833,66.577,2.7439999999999998,8.901301e-06,0.0625510992005814,119.20707977653383,0.14142553672508795,0.04615514867485013
383,383,B,69.06,72.887,3.826999999999998,2.8875943e-06,0.07920328776041667,126.85141985086592,0.7179819731271806,0.06769798458982586
384,384,B,74.537,74.807,0.269999999999996,7.1173633e-07,0.03672960069444445,105.51195826494694,-0.8870843355059155,-0.03931732223340763
385,385,B,74.81,77.793,2.983000000000004,6.331328e-05,0.10618039394946809,111.14761672824044,0.8804237337563752,-0.12446176451860981
386,386,B,79.517,79.823,0.3059999999999974,8.822826e-07,0.05693359375,88.67802104997571,-0.751340859172476,-0.17809326571900583
387,387,B,79.823,82.073,2.25,1.8506662e-05,0.08087588028169014,110.07924229901536,0.2857293675759107,-0.08127260877568564
388,388,B,82.59,86.137,3.546999999999997,6.0237976e-06,0.06366571649774774,116.21101798671054,0.22572605049265868,0.07136871781972544
389,389,B,86.767,89.103,2.3359999999999985,5.6884473e-06,0.07148041596283784,127.98887577879854,0.3877695136267284,0.024547613303583665
390,390,B,89.337,92.007,2.6700000000000017,5.350636e-06,0.06771414620535714,133.5031633059289,0.4439777562354266,0.07712234615756167
391,391,B,92.289,93.007,0.7180000000000035,2.4597125e-06,0.03730044157608696,106.75395575160509,-0.7973271698007943,-0.013114743952732088
392,392,B,98.343,99.643,1.2999999999999972,4.0072805e-06,0.060856516768292686,117.9169189462892,-0.10442033277351576,-0.028250154264191273
393,393,B,100.896,102.088,1.191999999999993,7.937108e-06,0.05171926398026316,114.19178943907795,-0.3482970787125712,-0.012960703396228693
394,394,B,102.346,102.719,0.37299999999999045,1.491996e-06,0.060343424479166664,89.3932308640442,-0.666877161031697,-0.18455585444818304
395,395,B,103.231,103.354,0.12300000000000466,3.1260544e-07,0.1121826171875,120.0406596595177,0.7432189299367611,-0.27471047452116854
396,396,B,103.546,108.169,4.6229999999999905,8.623063e-06,0.07408741918103448,114.35102231193031,0.5404315994360863,0.08130803419559203
397,397,B,109.3,110.462,1.1620000000000061,7.2799185e-07,0.0996753589527027,121.36985752828339,0.6656155555461386,-0.16872731251228604
398,398,B,111.312,111.915,0.6030000000000086,1.8824145e-06,0.05700041118421053,94.4251149934067,-0.62387572401449,-0.140649341432062
399,399,B,112.781,117.542,4.760999999999996,1.1511346e-05,0.06371251048657718,128.49998886864321,0.5743604602014412,0.18249580733475138
400,400,B,117.842,118.496,0.6539999999999964,1.943705e-06,0.05173456101190476,102.0107987351854,-0.6031435505756626,-0.08903084743125164
401,401,B,120.296,123.035,2.73899999999999,4.8195343e-06,0.07141964934593023,129.2154654842455,0.459266794027179,0.05015943159012103
402,402,B,123.731,124.223,0.49200000000000443,7.927225e-06,0.037384033203125,132.2511501265522,-0.44363734094622953,0.0741417214014711
403,403,B,125.185,128.781,3.5960000000000036,8.7698045e-06,0.07354466261061947,107.52769189510917,0.28952409084105146,0.003984973323856849
404,404,B,133.681,134.031,0.3499999999999943,0.00012683359,0.10666725852272728,115.01706144966305,0.592943900704317,-0.23369197720867407
405,405,B,134.758,137.442,2.6839999999999975,1.6986565e-05,0.07466052827380952,116.49074560585296,0.32238234832472956,-0.011127619697426445
406,406,B,144.108,145.123,1.0149999999999864,2.3426677e-05,0.0654754638671875,130.1434601803609,0.1282138812029398,-0.009059411022233546
407,407,B,145.496,149.315,3.8189999999999884,1.9242354e-05,0.0579345703125,114.57398713273453,0.12891608529501686,0.10360039554676215
408,408,B,149.662,154.623,4.960999999999984,1.705231e-05,0.08720202323717949,116.63254511671363,0.869020295685904,0.06014372546925427
409,409,B,156.715,159.038,2.3230000000000075,1.7423854e-05,0.0716168129280822,124.70925759660193,0.3393300884725449,0.013333029635377821
410,410,B,159.396,159.673,0.27700000000001523,1.4668769e-06,0.062065972222222224,105.91742768596191,-0.39917815650603833,-0.13245102057125485
411,411,B,161.404,165.515,4.11099999999999,7.893016e-06,0.06566815043604651,107.15031730229438,0.2036874119241127,0.05859664395502864
412,412,B,167.585,168.458,0.8729999999999905,7.597639e-07,0.08060128348214286,121.24476501078834,0.2628140450575653,-0.11247249862871082
413,413,B,168.846,169.773,0.9269999999999925,8.244925e-07,0.05525996767241379,129.04565699087766,-0.09385397351484084,0.015579377472653155
414,414,B,170.527,171.723,1.1960000000000264,3.2653554e-06,0.051513671875,105.38002492905787,-0.4838423608754671,-0.04690021686690476
415,415,B,172.012,173.727,1.7150000000000034,4.6751306e-06,0.09639937789351852,130.3646356093723,0.8128002452264288,-0.09233113763863218
416,416,B,179.24,182.656,3.415999999999997,7.819768e-06,0.07177734375,116.00264034754879,0.35891557734520046,0.03369694687853487
417,417,B,183.316,184.024,0.7079999999999984,1.4122655e-06,0.08177649456521739,130.02127215957287,0.394588493466276,-0.09153039513815339
418,418,B,184.572,185.244,0.671999999999997,9.440485e-07,0.07313121448863637,153.13513096825073,0.5724543060747664,0.027891684633859274
419,419,B,185.84,189.784,3.9439999999999884,7.2639305e-06,0.06474845640120967,121.6982638744041,0.382032747164138,0.10922347039977998
420,420,B,190.068,190.428,0.3599999999999852,6.8259897e-07,0.0804443359375,161.0678429646143,0.7882864363380273,0.014711136254469308
421,421,B,191.068,194.388,3.319999999999993,1.9581278e-06,0.07419057992788461,131.5474450655996,0.6250649244842444,0.07815385595422104
422,422,B,195.972,199.108,3.1359999999999957,3.707039e-06,0.05481080334595959,118.90638692683913,0.04279596572639984,0.09323312672038592
423,423,B,199.56,202.424,2.8640000000000043,3.7462248e-06,0.06478949652777778,134.33217164285497,0.427027352684919,0.10098961226604652
424,424,B,202.828,203.56,0.7319999999999993,5.9312792e-06,0.08109714673913043,139.12098129872257,0.5214274529654453,-0.05174205941417811
425,425,B,204.852,205.176,0.32399999999998386,4.1677254e-06,0.06294389204545454,133.50806282016498,0.037758992891261126,-0.026608579681304822
426,426,B,205.852,206.292,0.4399999999999977,6.706594e-07,0.05231584821428571,154.93575945905744,0.17316998851792786,0.1009800270779878
427,427,B,208.184,209.144,0.960000000000008,2.328442e-06,0.061680947580645164,155.25095992884988,0.42562833062986655,0.09427312985660569
428,428,B,209.512,210.644,1.132000000000005,1.0038523e-05,0.04531521267361111,112.48952062556583,-0.503475222050909,0.0019181376089015586
429,429,B,211.0,211.34,0.3400000000000034,4.900015e-06,0.046075994318181816,114.742837986864,-0.5617950703488326,-0.03439636569767102
430,430,B,212.36,213.032,0.671999999999997,8.747599e-06,0.07077858664772728,118.43436760660443,0.007109880929559475,-0.09500840396260923
431,431,B,213.296,213.768,0.4720000000000084,2.802173e-05,0.05725911458333333,136.34567192487782,-0.007789017534044654,0.01858300206062882
432,432,B,214.228,214.904,0.6759999999999877,5.8572778e-06,0.119140625,109.76764553114694,0.7955448873010955,-0.31052958626302923
433,433,B,215.548,217.852,2.304000000000002,5.31601e-06,0.0773357234589041,121.16252086391039,0.3921772923074498,-0.025451006585389045
434,434,B,218.112,218.468,0.35599999999999454,1.2898541e-06,0.061482747395833336,106.27402474414832,-0.39426337466988653,-0.12483793560991675
435,435,B,218.74,220.452,1.711999999999989,1.5866386e-05,0.05894639756944445,131.58033822041958,0.11970961738673801,0.05541340180586997
436,436,B,220.884,222.712,1.828000000000003,7.768542e-06,0.05935984644396552,124.50113391564138,0.037004345093781775,0.030852903926892886
437,437,B,223.048,225.168,2.1200000000000045,1.44451415e-05,0.0674775536380597,123.39258756885417,0.21370717391975147,0.012663401234204934
438,438,B,225.48,226.776,1.2960000000000207,6.8452136e-06,0.0643578506097561,121.6284505475395,0.01716648428564694,-0.026716574454088274
439,439,B,226.959,228.022,1.0629999999999882,2.6066726e-07,0.10358743106617647,160.67180060243163,1.3162237716620224,-0.0374999223343987
440,440,B,233.148,233.428,0.28000000000000114,7.020905e-06,0.0869140625,134.5745711230576,0.5027755713378976,-0.11424277385924009
441,441,B,233.696,235.424,1.7280000000000086,1.5277494e-05,0.05809659090909091,118.6982518478369,-0.0875430402170219,0.009760620119915847
442,442,B,236.611,237.574,0.9630000000000223,0.03047547,0.027280745967741934,74.32961111742343,-1.6272682531030211,6.623336923431007
443,443,B,241.464,243.116,1.6520000000000152,0.00010383591,0.094482421875,153.76862576804763,1.118479905903746,0.023462813124408403
444,444,B,243.168,245.82,2.651999999999987,2.3248558e-05,0.07397755082831325,117.1554348495979,0.3150469758630673,-0.006281497710884829
445,445,B,246.12,247.44,1.3199999999999932,0.0011776258,0.060360863095238096,122.51088357708579,-0.04938223203504086,0.2507726805717964
446,446,B,247.976,250.204,2.2280000000000086,2.2205684e-05,0.07584402901785714,142.62839520561045,0.6756024145230975,0.06249991016706317
447,447,B,254.532,255.112,0.5799999999999841,6.8265575e-07,0.04921361019736842,74.62730201413922,-1.0718004741612113,-0.18898193037927272
448,448,B,255.808,256.544,0.73599999999999,5.8194664e-06,0.08124575407608696,96.38564687212141,-0.11640590578138425,-0.2164799329890648
449,449,B,256.768,257.22,0.452000000000055,1.1481327e-06,0.07893880208333333,77.9051060149738,-0.4756669480021837,-0.29461375059441225
450,450,B,258.268,258.616,0.3480000000000132,3.3589201e-06,0.10573508522727272,139.69960510639112,0.946069009582884,-0.16255388524202752
451,451,B,258.616,260.988,2.372000000000014,1.374098e-05,0.0704296875,114.62079068880135,0.17205060384057425,-0.019281082976024714
452,452,B,261.828,263.76,1.9320000000000164,0.0022961115,0.09499871926229508,151.79294860412767,1.1229237644152887,0.511202099358511
453,453,B,263.828,264.18,0.3520000000000323,1.2706033e-06,0.042195638020833336,97.70650697944257,-0.8894169535078911,-0.08551342211709245
454,454,B,266.416,269.22,2.8040000000000305,6.712379e-05,0.08252507990056818,145.45451217198453,0.9220636750288479,0.0879627061694251
455,455,B,269.228,269.576,0.3480000000000132,1.4832776e-05,0.11847478693181818,100.79806796804777,0.6041273620026867,-0.3575235628320809
456,456,B,269.576,270.144,0.5679999999999836,4.399666e-05,0.0666232638888889,114.81375583016091,-0.14029457489438765,-0.09093637388526284
457,457,B,270.4,272.228,1.8280000000000314,1.1381869e-05,0.09609038254310345,107.55862041340548,0.47992654937060036,-0.17155737243830887
458,458,B,273.196,276.976,3.7799999999999727,5.766064e-06,0.07686531643907563,118.71470130418056,0.5451818431603969,0.043392065390209324
459,459,B,277.36,277.816,0.45599999999996044,1.0107402e-05,0.03610026041666667,154.6500264126845,-0.1367935654336319,0.16373041777263916
460,460,B,278.168,279.472,1.3039999999999736,8.442738e-06,0.05543778582317073,142.43285733808582,0.16107584313699572,0.08758812991941725
461,461,B,279.732,280.936,1.2039999999999509,2.354408e-06,0.083251953125,127.72971430256932,0.4549640090912183,-0.08001105475155282
462,462,B,281.404,282.284,0.8799999999999955,2.709101e-06,0.0721435546875,174.53483614360587,0.9027706625105217,0.12506145815961334
463,463,B,282.72,283.388,0.6679999999999495,3.8994418e-07,0.06752232142857142,95.18534926394624,-0.4040053601287734,-0.17423456297491083
464,464,B,286.164,287.628,1.4639999999999986,2.6752607e-05,0.06754203464673914,111.74485971722127,-0.04819887875660103,-0.0636174864387105
465,465,B,288.132,293.148,5.0160000000000196,4.8758952e-06,0.07612833399681529,130.70736808012896,0.8774945345949934,0.1560593249082137
466,466,B,293.692,295.55,1.858000000000004,7.86866e-06,0.10477356991525423,116.43681444017191,0.7819997817522577,-0.16926656624319775
467,467,B,299.736,302.58,2.843999999999994,2.811328e-05,0.06930850596910113,121.54272210251698,0.31806692660325137,0.03914814503067063
468,468,B,304.164,306.4,2.23599999999999,9.97942e-06,0.059361049107142856,128.8043518766631,0.15649311235087165,0.06900166712229229
469,469,B,306.704,307.46,0.7559999999999718,8.413327e-06,0.065673828125,142.63695887951891,0.2846606161138862,0.021534736666361753
470,470,B,308.26,314.264,6.004000000000019,2.8605682e-05,0.07669132313829788,128.36022155037492,0.98579878893271,0.20127601919743784
471,471,B,314.96,315.68,0.7200000000000273,2.449256e-06,0.05927309782608696,85.39826479654305,-0.7004330917396372,-0.17772823056615855
472,472,B,316.416,317.52,1.103999999999985,7.587861e-06,0.06198381696428571,117.3273117365033,-0.11827301145691926,-0.044110006920873
473,473,B,318.932,320.328,1.3959999999999582,1.9480067e-06,0.054243607954545456,118.04046513578605,-0.21514615374123686,0.0015933037864605364
474,474,B,320.336,320.856,0.5199999999999818,4.5888737e-07,0.11089728860294118,224.49140189502782,2.3394161627281918,0.1524207618258089
475,475,B,324.348,326.712,2.363999999999976,3.2792195e-06,0.051513671875,99.07171360241212,-0.42128417474213775,-0.010709288603634735
476,476,B,327.14,329.992,2.8520000000000323,5.6167755e-06,0.07726779513888889,108.80571024003301,0.2792449667861138,-0.04429248926668288
477,477,B,330.236,331.248,1.0120000000000005,5.856262e-06,0.1033782958984375,129.93183912112096,0.8441391793732304,-0.1563482523636493
478,478,B,331.46,333.844,2.3840000000000146,4.8971974e-06,0.09514322916666666,125.50350831070992,0.806065778816277,-0.07163321099914091
479,479,B,333.884,335.232,1.3480000000000132,1.479908e-05,0.09130859375,181.66123250816926,1.4363633442903527,0.10732568816344779
480,480,B,337.048,337.768,0.7199999999999704,9.325248e-05,0.07649031929347826,143.70629600458386,0.5006380904020813,0.0018160556633125195
481,481,B,338.06,341.984,3.923999999999978,4.057713e-05,0.1043651549796748,123.452426940138,1.1573824180318133,-0.026620272486367225
482,482,B,342.5,343.016,0.5160000000000196,9.454297e-05,0.0637063419117647,133.99135659181712,0.08477142660723937,0.0022242337751930187
483,483,B,343.384,343.92,0.5360000000000014,4.5641195e-06,0.07476447610294118,130.10694368000955,0.23961597598319262,-0.07305537675576522
484,484,B,344.256,345.28,1.024000000000001,4.620201e-06,0.049760298295454544,105.34742001722034,-0.540769265174994,-0.04903940969243854
485,485,B,345.596,349.54,3.944000000000017,1.3600882e-05,0.08015688004032258,115.8672132734766,0.5869583310324715,0.030283049797616528
486,486,B,349.908,352.268,2.359999999999957,4.775766e-06,0.10042757601351351,122.95280439096636,0.8648630052012456,-0.10257235112483251
487,487,B,352.268,353.7,1.4320000000000164,9.320977e-05,0.05912543402777778,104.50649915391902,-0.3212624409038891,-0.04684522458227948
488,488,B,353.728,354.048,0.3199999999999932,9.6875585e-05,0.08061079545454546,110.28310399363865,0.023509341194136082,-0.16212096330832418
489,489,B,354.28,355.968,1.688000000000045,2.6818305e-05,0.11801665683962265,108.76433350001,0.8952404908707744,-0.2531719775867329
490,490,B,361.936,364.376,2.4399999999999977,2.3243927e-06,0.06664087865259741,117.78262693483863,0.15680074904857697,0.008124111442510816
491,491,B,371.828,372.072,0.2440000000000282,1.5137628e-06,0.072998046875,96.05777118558905,-0.3440614446049791,-0.21315527099984447
492,492,B,372.072,376.184,4.112000000000023,1.1128317e-05,0.08948037790697674,134.22224553675696,1.0619411433947405,0.07398703225541231
493,493,B,378.328,378.928,0.6000000000000227,2.8777445e-06,0.04944490131578947,100.8852783956983,-0.6707622939134662,-0.0873434863700877
494,494,B,381.812,383.972,2.159999999999968,1.524822e-05,0.08252671185661764,106.37888486186598,0.24944908668014204,-0.10708418429348684
495,495,B,388.524,389.244,0.7200000000000273,1.8178899e-06,0.05547299592391304,95.00525618139407,-0.6284137649596558,-0.12663647829733957
496,496,B,390.052,398.26,8.20799999999997,4.130141e-05,0.10068853356031128,141.95057847473078,1.941743552882029,0.28022028130622006
497,497,B,398.268,400.9,2.632000000000005,3.829101e-05,0.057381871234939756,104.256218076386,-0.19626077407108047,0.008756761572313438
498,498,B,401.284,404.732,3.448000000000036,5.020626e-06,0.0853542751736111,117.51106299308657,0.6435623581942953,-0.010488078862375756
499,499,B,404.732,406.944,2.211999999999989,3.8993694e-05,0.10309012276785715,134.67673966835383,1.0711727491729017,-0.06761250771639554
500,500,B,410.092,410.4,0.3079999999999927,2.783971e-06,0.0287109375,85.83588131262886,-1.3293930339178057,-0.08243267995026762
501,501,B,410.4,413.45,3.0500000000000114,0.0002916872,0.0753173828125,149.6102460751272,0.8793510644281315,0.19322001357779914
502,502,B,413.45,416.016,2.566000000000031,1.25860615e-05,0.07525559413580248,134.7701943420016,0.5920828398126752,0.04986323284344418
503,503,B,416.18,419.408,3.2280000000000086,6.930647e-05,0.06968401918316831,130.66879783078355,0.5135528333625142,0.10178166789928962
504,504,B,422.76,423.848,1.0880000000000223,5.0695544e-06,0.057868303571428574,109.72507819355377,-0.31258619473245547,-0.05926381768298952
505,505,B,423.868,425.004,1.136000000000024,1.1720502e-05,0.07207573784722222,116.80392925678991,0.06970097848894415,-0.0814851830179656
506,506,B,427.56,429.38,1.8199999999999932,1.6319474e-06,0.08227967379385964,109.31406110023568,0.24312004738688694,-0.1154622515578136
507,507,B,430.076,431.648,1.5720000000000027,2.9926111e-06,0.11224609375,110.21546259316172,0.7920201132942885,-0.23715388128308923
508,508,B,431.916,432.158,0.24200000000001864,3.6806978e-05,0.12872314453125,88.97712348232638,0.6068808463942345,-0.4421506337959678
509,509,B,432.158,432.928,0.7699999999999818,2.0267076e-05,0.09369140625,138.11297590338617,0.7503699158162024,-0.09782817079413458
510,510,B,432.928,434.008,1.079999999999984,1.5783884e-05,0.08183019301470588,130.00998904727973,0.44541991336288234,-0.06935778762407252
511,511,B,434.008,436.128,2.1200000000000045,1.2483e-06,0.0702177588619403,83.0619605833155,-0.3393162051836468,-0.15565450946467002
512,512,B,438.744,439.376,0.6319999999999482,3.3488186e-06,0.05947265625,121.24811923445718,-0.17061079325198356,-0.04495463661773566
513,513,B,439.376,440.236,0.8600000000000136,3.0394189e-05,0.11311848958333333,120.7760839129923,0.8710286604226977,-0.23063121192320513
514,514,B,440.876,442.94,2.0640000000000214,2.7864067e-05,0.043028846153846154,120.97590594373463,-0.2942087596207287,0.09531123072198014
515,515,B,450.424,450.932,0.5080000000000382,1.5295888e-06,0.050079345703125,119.12608562571658,-0.3974133522544942,-0.024631422467529626
516,516,B,450.936,452.18,1.2440000000000282,1.1521386e-06,0.08035356570512821,102.04771823396567,0.02001580134391872,-0.1660865602143016
517,517,B,457.732,458.24,0.5079999999999814,4.910336e-06,0.038177490234375,109.36648342475945,-0.7697628186943533,-0.01669195213940616
518,518,B,460.936,462.38,1.4440000000000168,3.096196e-06,0.07816745923913043,120.44853154177913,0.2815129374201794,-0.07632113663345381
519,519,B,478.844,480.608,1.76400000000001,0.00015064841,0.06863839285714286,117.00265323186238,0.09111823177121865,-0.004705188671855655
520,520,B,482.252,484.432,2.180000000000007,0.0008320856,0.06736865942028986,165.7904460579107,0.8508481317365706,0.3593040015808107
521,521,B,489.876,491.54,1.664000000000044,0.00018538359,0.05515735554245283,112.74404440264809,-0.24231941549416264,0.0320557816268051
522,522,B,492.008,492.344,0.33600000000001273,7.633487e-06,0.10728870738636363,96.8374888157146,0.3308203295742624,-0.3329219409694774
523,523,B,492.344,494.472,2.127999999999986,0.00053899124,0.07549411147388059,129.73435241367645,0.4588830087220873,0.12285593864089954
524,524,B,494.636,495.252,0.6159999999999854,0.00019748768,0.0900146484375,160.5496798754285,0.9954102503758737,0.03334018933053576
525,525,B,495.616,496.328,0.7119999999999891,4.8306197e-06,0.03842561141304348,99.06191505057399,-0.8922034213840584,-0.04671576456680423
526,526,B,508.159,508.596,0.4370000000000118,2.0148505e-05,0.038853236607142856,106.25499135356706,-0.8132707652690725,-0.031517361805508286
527,527,B,517.272,517.876,0.6039999999999281,1.8325989e-05,0.052220394736842105,87.56083498132578,-0.817556857898228,-0.14541189651293615
528,528,B,517.876,519.516,1.6399999999999864,5.582154e-06,0.050020658052884616,119.82750893215876,-0.2356664133545504,0.0377660122526211
529,529,B,519.868,520.82,0.9519999999999982,4.1486214e-06,0.095263671875,135.9126956876001,0.7717937806386216,-0.10632980039795037
530,530,B,524.468,525.4,0.9320000000000164,4.1998697e-05,0.11376953125,103.64183045849914,0.6359262182641007,-0.2926951003139254
531,531,B,525.6,526.096,0.4959999999999809,6.400654e-07,0.0408935546875,93.39380260134337,-0.9594520058065974,-0.08989276119656438
532,532,B,527.224,527.62,0.39599999999995816,2.4314652e-06,0.06373948317307693,114.07709498532806,-0.22897783095218224,-0.1009869090556594
533,533,B,529.352,533.896,4.543999999999983,1.0110218e-05,0.05661330856643357,133.6138922734249,0.4871469041737124,0.21730562033820297
534,534,B,534.58,535.028,0.4479999999999791,1.2288656e-05,0.04290364583333333,149.56283388822527,-0.08508250046337784,0.11866202034437641
535,535,B,535.028,535.48,0.4519999999999982,0.0006651154,0.08372395833333333,130.87702001841078,0.4058779463802677,0.03735427834366891
536,536,B,535.484,537.516,2.0319999999999254,0.00018901312,0.07534027099609375,122.87379127390386,0.3422465077527067,0.015006850637145856
537,537,B,538.584,541.956,3.372000000000071,5.6071007e-05,0.08091188826650944,113.99194387982125,0.4959042755466099,-1.7894769046901094e-05
538,538,B,545.966,546.207,0.24099999999998545,2.2743754e-05,0.10882568359375,160.0394747082466,1.2953841157485129,-0.09721018399635328
539,539,B,546.824,546.94,0.11600000000009913,2.9688365e-06,0.068359375,91.38326998017152,-0.5194759695076737,-0.22000426131692452
540,540,B,546.94,548.872,1.9319999999999027,1.3821382e-06,0.10976722592213115,124.63167587803784,1.0097333652230709,-0.1541150775041921
541,541,B,549.096,551.452,2.3559999999999945,1.52213515e-05,0.06710567989864864,144.34994847044877,0.5528490208342602,0.1070489680370406
542,542,B,552.0,552.264,0.26400000000001,1.6604143e-06,0.028103298611111112,94.19139401768331,-1.2214767957008301,-0.05053801597649397
543,543,B,552.268,554.72,2.451999999999998,9.631216e-05,0.09983766233766234,116.86347258870488,0.7741264914130374,-0.09885531538958449
544,544,B,560.188,560.316,0.12800000000004275,2.1822575e-06,0.03564453125,96.34971639817766,-1.0642690361274119,-0.07750301718198775
545,545,B,560.32,563.484,3.1639999999999873,1.8137662e-05,0.06460108901515152,128.9426528199682,0.38287858480512327,0.09966522491423081
546,546,B,563.748,564.012,0.2639999999998963,4.280663e-06,0.0637478298611111,142.34565234540838,0.1775389091946403,0.0012792613726816606
547,547,B,564.016,564.64,0.6240000000000236,5.5979294e-06,0.098388671875,157.48748620618977,1.1106544754450498,-0.05175349381568302
548,548,B,565.284,565.512,0.2279999999999518,8.655248e-06,0.057373046875,110.5472426424633,-0.4254242229247355,-0.09796010301568385
549,549,B,566.172,566.284,0.11199999999996635,2.0401114e-06,0.03271484375,117.89389136405703,-0.7987824524149475,0.015507983744429845
550,550,B,566.288,568.648,2.3600000000000136,0.00034299615,0.10383894636824324,146.36061626440116,1.2787501220519597,0.049117534232141755
551,551,B,568.648,573.724,5.076000000000022,0.00396075,0.0929177722091195,164.82750596572922,1.6919877547581081,1.0984618163009134
552,552,B,573.724,574.496,0.7719999999999345,1.3882977e-05,0.10912109375,125.85661093418814,0.8596418113196869,-0.20425845856695585
553,553,B,574.504,575.204,0.6999999999999318,9.352182e-05,0.06356534090909091,120.70950390307698,-0.09241149152302004,-0.0390303166451641
554,554,B,575.216,576.936,1.7200000000000273,2.1192427e-05,0.09364149305555555,116.14682951223574,0.5477062204947282,-0.13275216587306055
555,555,B,576.948,579.396,2.447999999999979,0.00040104895,0.06004591112012987,119.00240777405669,0.04856916263190994,0.1258231807860514
556,556,B,580.383,581.044,0.6609999999999445,1.1235076e-06,0.06868489583333333,102.73971708369432,-0.2695419872272983,-0.14975021467131225
557,557,B,581.62,582.02,0.39999999999997726,1.366824e-06,0.052809495192307696,150.67673185817745,0.11324970923071795,0.08082747587117224
558,558,B,587.48,588.612,1.1319999999999482,2.6408694e-07,0.07269965277777778,87.03372702564502,-0.36559202246790323,-0.20105737176169142
559,559,B,591.068,592.064,0.9959999999999809,2.2022296e-06,0.0618133544921875,94.81549454297527,-0.47377484995125363,-0.13682625978741064
560,560,B,601.18,603.536,2.3559999999999945,6.6997845e-06,0.08640598606418919,120.27285349844705,0.5579732113370864,-0.059965487769304784
561,561,B,611.788,612.428,0.6399999999999864,2.332516e-06,0.08863467261904762,102.34569700405021,0.10035964613080112,-0.22706352101301402
562,562,B,617.204,619.533,2.3290000000000646,1.0508547e-05,0.08557630565068493,131.69238693536792,0.7099050600060862,-0.013485942001737142
563,563,B,627.52,627.728,0.20799999999997,9.214152e-06,0.09249441964285714,129.62332767229682,0.5246991245556583,-0.15750147776209186
564,564,B,627.728,629.008,1.2800000000000864,2.5605297e-05,0.13318168826219512,129.213057384791,1.4349746952626408,-0.2529033430141879
565,565,B,629.356,632.628,3.272000000000048,6.443039e-06,0.08151452518203883,120.62946937132381,0.5937743641953741,0.007140732531887792
566,566,B,632.628,632.936,0.3079999999999927,4.3244017e-05,0.093017578125,108.55216942586398,0.23173246514316817,-0.2278385387127662
567,567,B,633.456,636.244,2.788000000000011,2.8241106e-05,0.07085071910511363,143.25499539976906,0.6655669743367933,0.11398815815408052
568,568,B,636.888,637.976,1.0879999999999654,2.553187e-06,0.055943080357142856,167.65769937516055,0.5200986470457831,0.17022870850871516
569,569,B,639.304,640.176,0.8720000000000709,9.0627327e-07,0.05976213727678571,119.63719301748367,-0.1569687350389843,-0.04035497083148202
570,570,B,641.312,645.864,4.552000000000021,1.5262689e-05,0.06836961866258741,144.25512323232158,0.8709863133683488,0.21559717269280237
571,571,B,646.92,647.172,0.2520000000000664,1.9260942e-06,0.04791259765625,221.31571201982416,1.0602370678619986,0.36337517883737414
572,572,B,651.08,651.504,0.42399999999997817,2.719368e-06,0.04014369419642857,107.17789013951752,-0.776574049543388,-0.037328877274475813
573,573,B,651.508,652.816,1.3079999999999927,2.9892617e-06,0.051936451981707314,84.62181736530844,-0.7721939292566653,-0.12259026350468924
574,574,B,654.536,655.168,0.6320000000000618,4.9622963e-06,0.058642578125,117.84350886392322,-0.2374577005828897,-0.054573893464579935
575,575,B,655.5,656.612,1.1119999999999663,1.0421666e-06,0.07502790178571428,126.09876135494734,0.2620260476307328,-0.060425743236937876
576,576,B,657.384,659.156,1.7719999999999345,1.8162982e-06,0.07552664620535714,125.71906594085044,0.3546233416013783,-0.029431692107780405
577,577,B,659.596,664.572,4.975999999999999,5.469734e-06,0.08886405749198718,130.66125497090835,1.1131396200310983,0.10607785294751783
578,578,B,665.304,665.764,0.4600000000000364,1.377629e-06,0.03818359375,138.61951730109766,-0.3371788743603741,0.09253119457829084
579,579,B,666.544,669.22,2.6760000000000446,1.2663019e-05,0.08667573474702381,123.72195392480424,0.6578766715964215,-0.029839063666864774
580,580,B,673.324,676.768,3.4440000000000737,4.2943807e-06,0.07605432581018519,144.83312255913964,0.8764502074731001,0.12917868741603042
581,581,B,677.828,678.788,0.9600000000000364,2.6932235e-06,0.04621345766129032,121.4330637309716,-0.37534470343575055,0.022420014882441018
582,582,B,685.192,685.508,0.3160000000000309,3.9220282e-05,0.045703125,118.84269600325759,-0.5107986843475795,-0.010910848014174322
583,583,B,685.508,686.992,1.4839999999999236,3.678609e-05,0.07675365691489362,110.18931412905219,0.1059294289841233,-0.10097554086940574
584,584,B,686.992,687.264,0.2720000000000482,0.00021245294,0.1203884548611111,152.42200760070634,1.4035677069127008,-0.1265811457880667
585,585,B,687.264,687.96,0.6960000000000264,0.0021505894,0.052689985795454544,177.48220695868434,0.5398696472932409,0.6729966001582157
586,586,B,690.036,691.096,1.0600000000000591,2.2496322e-05,0.05911075367647059,117.1195418626775,-0.18193447702577678,-0.03310531282411405
587,587,B,691.62,693.484,1.8640000000000327,8.484335e-06,0.06300483315677965,171.2986340578097,0.8131683123311719,0.19915976437965646
588,588,B,693.816,696.76,2.94399999999996,1.8943658e-05,0.08374285954301075,129.78204986486855,0.7291682491308837,0.019744415343344708
589,589,B,700.76,701.372,0.6119999999999663,3.1330244e-06,0.068017578125,86.55849837163251,-0.5315951250754994,-0.2115692875624641
590,590,B,701.572,705.012,3.439999999999941,3.988286e-06,0.08025896990740741,108.09858966430392,0.4045598752000687,-0.02818050602470805
591,591,B,712.444,713.648,1.2040000000000646,9.621798e-06,0.09419973273026316,145.30944435031327,0.9264717473522281,-0.05194335239962833
592,592,B,713.652,717.656,4.003999999999905,9.855527e-06,0.08691018725198413,118.71692561435404,0.7659914380031263,0.018142680773251034
593,593,B,720.24,721.268,1.02800000000002,6.079029e-07,0.07627544981060606,155.49978168520758,0.7155286455526135,0.043520005121754364
594,594,B,722.388,723.0,0.6119999999999663,6.3611225e-07,0.135205078125,121.02657205879548,1.2607933234052082,-0.33206451824288324
595,595,B,734.28,735.064,0.7839999999999918,7.839326e-07,0.0465625,92.26559117613603,-0.8300202487377324,-0.10060038016015899
596,596,B,740.3,740.972,0.6720000000000255,6.498528e-07,0.05089222301136364,129.1008809384455,-0.21024598573972209,0.01897107949081164
597,597,B,741.308,743.608,2.2999999999999545,3.6236993e-06,0.08698866102430555,105.47059614735745,0.3394235671014312,-0.1226611169707504
598,598,B,743.612,745.85,2.2380000000000564,0.00012267816,0.06937081473214286,115.60643226486424,0.1480399827207225,0.005544459285487208
599,599,B,750.405,750.918,0.5130000000000337,5.346284e-07,0.03955078125,159.30466274175802,0.006265139318125001,0.16950613534548337
600,600,B,752.573,755.405,2.8319999999999936,1.6256122e-06,0.0630102264747191,115.1683853447838,0.10143279923805443,0.03184881227493879
601,601,B,764.886,765.195,0.30900000000008276,2.4965625e-06,0.1015625,100.54444379050514,0.27415254601875805,-0.2996726805222032
602,602,B,765.2,766.118,0.9180000000000064,2.9019626e-05,0.08142510775862069,102.52240009736694,0.0034274283058018844,-0.179023209435543
603,603,B,766.682,769.591,2.908999999999992,8.162134e-06,0.0710207760989011,135.13722783104362,0.5634059126153526,0.08396831588385581
604,604,B,769.605,770.968,1.3629999999999427,0.00035571508,0.08514262354651163,153.22993911471542,0.8926904437572194,0.09700485305701187
605,605,B,772.545,773.659,1.1140000000000327,7.3476594e-06,0.08861607142857143,100.83543288247357,0.14111426613931854,-0.20716581434433717
606,606,B,776.059,776.823,0.76400000000001,5.6323093e-05,0.0406494140625,116.35036700173562,-0.5839186587206489,0.025449597978656938
607,607,B,778.536,779.332,0.7960000000000491,4.552339e-06,0.09763671875,94.20425334173184,0.17004928784003112,-0.28364559771812436
608,608,B,781.518,782.391,0.8729999999999336,2.3906723e-06,0.04860142299107143,97.87404416654115,-0.6952041123529634,-0.08173290234951852
609,609,B,785.405,788.864,3.45900000000006,1.1636101e-06,0.0730316442087156,113.00797330755888,0.3436190784979848,0.01822493696794095
610,610,B,797.318,799.314,1.995999999999981,1.0227861e-06,0.049750434027777776,120.18138905294725,-0.1875420225400625,0.057563354427299256
611,611,B,800.0,803.295,3.294999999999959,6.786993e-06,0.06646787773058252,109.21212617044168,0.13997846769044164,0.021045142011466213
612,612,B,803.505,806.9,3.394999999999982,7.692575e-06,0.06737824912383178,124.03165769213797,0.3930607997579833,0.07999511918881778
613,613,B,811.282,811.995,0.7129999999999654,2.6287835e-06,0.08020550271739131,149.22230407919568,0.6535252685353222,-0.011251538768080292
614,614,B,812.218,813.25,1.032000000000039,6.1697665e-06,0.09483013731060606,105.52617746213403,0.31840687494188735,-0.2169826746698922
615,615,B,813.691,814.55,0.8589999999999236,4.4049925e-06,0.09009693287037036,141.89727180537523,0.751001489316706,-0.06865148296686858
616,616,B,815.3,815.705,0.4050000000000864,9.659806e-07,0.053861177884615384,97.72898504163179,-0.6605320246925339,-0.12659365869203248
617,617,B,816.105,818.568,2.4629999999999654,1.5550324e-05,0.07412363027597403,155.04861437592146,0.860970362952206,0.1274311132279154
618,618,B,818.855,820.041,1.1860000000000355,7.858657e-06,0.05489309210526316,154.023107720773,0.3087568540024831,0.1279760852450749
619,619,B,821.109,824.932,3.822999999999979,0.0017197704,0.08092447916666666,122.89326643666557,0.6802307067843705,0.4238939494584912
620,620,B,824.932,825.859,0.9270000000000209,0.00062125665,0.18716325431034483,159.61987554489616,2.8646118403511895,-0.2259306962525701
621,621,B,826.241,826.668,0.4270000000000209,4.10721e-05,0.133544921875,134.1270074851818,1.400692773337237,-0.27611016313257336
622,622,B,828.591,829.059,0.4679999999999609,5.115692e-07,0.053385416666666664,78.84021573301649,-0.9444832961168841,-0.19429204985141224
623,623,B,829.318,829.891,0.5729999999999791,6.2875273e-07,0.08702256944444445,107.38321008737425,0.13633633658516034,-0.2054730726763311
624,624,B,829.895,831.927,2.032000000000039,9.7712444e-05,0.08203125,116.24166762798652,0.3702923679762551,-0.0557536709842714
625,625,B,831.995,834.427,2.4320000000000164,2.3461971e-05,0.09647676542207792,118.32552143862215,0.7300262488676411,-0.09767925052525361
626,626,B,840.068,840.818,0.75,0.00047816115,0.1097412109375,121.29400242916795,0.7971563220254939,-0.12303146867473476
627,627,B,844.591,847.65,3.058999999999969,1.7098439e-05,0.0731201171875,133.64151839829287,0.6009447551039884,0.08005702631017818
628,628,B,847.95,849.055,1.1049999999999045,1.8764189e-05,0.06277901785714286,100.1217122398206,-0.36126340043871447,-0.110758991325278
629,629,B,849.173,850.009,0.8360000000000127,7.805871e-05,0.05347583912037037,113.57568257984923,-0.3725456074293764,-0.024914505865224226
630,630,B,850.927,851.318,0.3909999999999627,1.2031871e-05,0.03350360576923077,107.20611446281532,-0.9066781964789411,-0.011921968969485938
631,631,B,852.386,853.332,0.9460000000000264,5.7457586e-05,0.05654296875,98.74077057084995,-0.5219802866661909,-0.09234111460183014
632,632,B,859.055,859.618,0.5630000000001019,2.4091132e-05,0.03941514756944445,106.33209851331873,-0.784513901568091,-0.02594324852807528
633,633,B,860.295,861.555,1.259999999999991,3.344449e-06,0.11202392578125,105.4038205266226,0.6736145774091951,-0.2708947594907419
634,634,B,862.85,863.873,1.0230000000000246,1.1334507e-06,0.048828125,121.80380050951646,-0.31166675798522464,0.016936245310490202
635,635,B,865.15,867.755,2.605000000000018,5.5097844e-06,0.050025009527439025,132.94772282068396,0.09115407096514448,0.1381381867600249
636,636,B,870.559,871.5,0.9410000000000309,2.1568749e-06,0.050634765625,103.81169289078176,-0.558369946012876,-0.06307053443547579
637,637,B,872.091,873.064,0.9729999999999563,1.2937836e-06,0.0576171875,85.71866523100763,-0.6929954820449761,-0.15743298234924116
638,638,B,874.964,875.3,0.33599999999989905,2.2194138e-06,0.05748401988636364,96.80338627335573,-0.6149526117721429,-0.14706434597475057
639,639,B,875.727,876.136,0.4089999999999918,4.0042355e-06,0.058030348557692304,116.214630940638,-0.30352605231210705,-0.07029003738812299
640,640,B,877.1,878.732,1.6319999999999482,7.4780637e-06,0.09407865084134616,132.88600080440102,0.7953943547276189,-0.0775902775140392
641,641,B,879.823,881.023,1.2000000000000455,3.2915912e-06,0.09799033717105263,110.4827601224967,0.4753847566057286,-0.20173544029769544
642,642,B,881.677,885.059,3.381999999999948,1.0360431e-05,0.05427752800707547,106.48473497373992,-0.12062805426524512,0.06166014105944564
643,643,B,886.441,887.032,0.5910000000000082,3.3535463e-07,0.04803145559210526,78.5921408544286,-1.033267430514377,-0.16879728988105608
644,644,B,890.373,894.909,4.5359999999999445,1.9066827e-05,0.08001966879401408,122.40814517276439,0.7621398320974558,0.08779811294112856
645,645,B,896.014,896.305,0.29099999999994,8.520214e-05,0.07392578125,117.21128321075832,-0.0032552126400374848,-0.11442225761095025
646,646,B,896.309,897.455,1.1460000000000719,0.00035416507,0.05126953125,176.96247468973607,0.5766590954274362,0.30401422540326484
647,647,B,897.668,900.65,2.981999999999971,3.318798e-05,0.08294028424202128,134.83572767602607,0.7947873361227864,0.047300977980061644
648,648,B,901.482,903.018,1.5360000000000582,4.704532e-05,0.05580357142857143,138.18982769222265,0.13534694306575212,0.09040283775495643
649,649,B,903.823,907.886,4.062999999999988,4.6877307e-05,0.06593719242125984,117.66715218470442,0.35988762975429034,0.10413460648339329
650,650,B,911.291,911.836,0.5449999999999591,9.887503e-06,0.04831271701388889,126.91014146233836,-0.3092245592790166,0.01570141425224389
651,651,B,914.205,914.673,0.4679999999999609,1.9679126e-06,0.056640625,88.8375817616187,-0.7327096352204596,-0.16775512829959438
652,652,B,914.673,918.273,3.6000000000000227,3.5117853e-06,0.07156129009955753,99.83932305968084,0.13709528941894086,-0.019081589779578675
653,653,B,918.559,919.986,1.427000000000021,1.1133042e-06,0.07993706597222222,112.23295428705177,0.18955913677100833,-0.11588579433986178
654,654,B,923.586,924.927,1.3410000000000082,9.5179746e-07,0.09468005952380952,94.90765080539265,0.19786175710939777,-0.24241470689658032
655,655,B,926.868,927.395,0.52699999999993,1.1724302e-05,0.11112706801470588,104.4773591635225,0.5439823606579193,-0.30717832153709274
656,656,B,927.395,927.768,0.3730000000000473,2.5134375e-06,0.08772786458333333,103.94342145035284,0.07118238445386668,-0.23128930491473884
657,657,B,928.745,929.473,0.7279999999999518,0.00010985392,0.038998811141304345,84.0612060849404,-1.1048803082141117,-0.08260683506869147
658,658,B,930.855,933.536,2.6809999999999263,2.183677e-05,0.08395531063988096,152.10595914579204,1.0327281749124597,0.09183013445882253
659,659,B,933.773,940.782,7.0090000000000146,1.3085392e-05,0.07134011008522727,116.33815813492309,0.8392186856789767,0.2237460786335945
660,660,B,944.4,945.091,0.6910000000000309,1.4617623e-06,0.07195490056818182,91.00209836525103,-0.3795504660431278,-0.20555607569803355
661,661,B,945.464,946.105,0.6409999999999627,6.75667e-06,0.0711030505952381,121.47828223280762,0.05477826627338678,-0.08656367554970054
662,662,B,946.323,948.132,1.808999999999969,1.1923661e-05,0.05377946820175439,140.08740222422406,0.16235937265266964,0.11170274633895906
663,663,B,949.595,952.427,2.8319999999999936,1.3417343e-05,0.06273042485955056,135.19341480761193,0.3965018948128765,0.11251422946421959
664,664,B,952.714,953.373,0.6589999999999918,1.33814665e-05,0.051432291666666664,114.13095922671276,-0.4264289354044114,-0.03850259996739938
665,665,B,957.405,957.759,0.35400000000004184,4.119098e-07,0.049886067708333336,82.79922718968884,-0.9668439919281404,-0.1718359495805671
666,666,B,957.868,958.868,1.0,1.0743717e-06,0.0886383056640625,101.67578761060687,0.13883930746996306,-0.2112989293177287
667,667,B,959.1,961.264,2.1639999999999873,1.4486786e-05,0.06098489200367647,112.67684436259843,-0.06437881305601707,-0.0018619886781437007
668,668,B,961.677,962.332,0.6549999999999727,9.066007e-06,0.04287574404761905,89.2591596195067,-0.9625162989092889,-0.10315979805899025
669,669,B,968.973,970.35,1.3770000000000664,3.2273638e-07,0.061823064630681816,91.11595986927362,-0.47780548488696123,-0.13178654304510615
670,670,B,971.964,973.023,1.058999999999969,4.7777627e-07,0.041733685661764705,92.12736614679517,-0.8867296774801294,-0.06881864339636173
671,671,B,973.732,977.718,3.98599999999999,1.46363e-06,0.07944921875,123.82905258989487,0.6987120286923232,0.06306502293676089
672,672,B,978.945,981.35,2.4049999999999727,6.602404e-06,0.07457853618421052,118.51608436973828,0.31372539634938484,-0.019756411248751514
673,673,B,986.432,986.582,0.14999999999997726,2.3631148e-05,0.038671875,67.94093711697164,-1.4302200040134168,-0.19227983596819642
674,674,B,986.582,987.036,0.4539999999999509,4.6347708e-05,0.04189453125,91.78526550337875,-0.970519994303837,-0.09194912350936077
675,675,B,987.041,987.232,0.19099999999991724,2.4247254e-05,0.024088541666666668,55.33203841264333,-1.8906790151222024,-0.18370794499983606
676,676,B,987.368,988.277,0.9089999999999918,2.0030984e-05,0.04333917025862069,105.14548448599027,-0.6812448792990837,-0.028241563537786972
677,677,B,991.014,995.068,4.053999999999974,6.919841e-06,0.053564837598425195,111.3707710504047,0.02962312787034839,0.11715222526204207
678,678,B,1001.723,1002.5,0.7770000000000437,4.4170514e-07,0.07171875,92.33855850768518,-0.35239920401148006,-0.19530217827014396
679,679,B,1021.819,1022.115,0.2960000000000491,7.9133344e-05,0.120849609375,128.48144340672835,1.0571658117102953,-0.2485084010880384
680,680,B,1027.507,1027.907,0.3999999999998636,1.0348215e-05,0.07925180288461539,102.2276893855461,-0.11184984930501315,-0.20290970378564746
681,681,B,1036.041,1036.564,0.5230000000001382,4.7833855e-05,0.04894301470588235,141.6273621769226,-0.07964007691815753,0.07715357036798483
682,682,B,1036.564,1038.436,1.8719999999998436,0.0003071295,0.08676509533898305,126.36481027150118,0.589211448657456,0.00322649516886797
683,683,B,1039.391,1039.877,0.4859999999998763,0.000121607976,0.103912353515625,115.16438180428794,0.5612029575397607,-0.21688372139968254
684,684,B,1042.05,1043.391,1.3410000000001219,0.0006312708,0.07310267857142858,131.16428833029752,0.3284577247964002,0.11693400917028098
685,685,B,1046.95,1047.791,0.8409999999998945,3.3321667e-05,0.058051215277777776,103.42590547982907,-0.43704379164930823,-0.09073988311671713
686,686,B,1049.027,1052.005,2.9780000000000655,3.50339e-05,0.09107484208776596,113.42461028889248,0.6273833942556164,-0.06541964480004576
687,687,B,1053.464,1054.018,0.5540000000000873,9.056737e-05,0.05040147569444445,110.24612905089828,-0.5188853655090988,-0.03800595290820339
688,688,B,1055.973,1056.523,0.5499999999999545,5.065251e-05,0.11363389756944445,150.74141367595246,1.2885570609701196,-0.1289031855134108
689,689,B,1056.696,1059.177,2.4809999999999945,5.0054485e-05,0.07165214342948718,134.997770120905,0.5154341606299919,0.0681335376916403
690,690,B,1059.627,1061.555,1.928000000000111,1.2047899e-05,0.09114850153688525,110.92664454788293,0.45011814828796665,-0.134708561535195
691,691,B,1069.95,1070.632,0.6820000000000164,1.4277256e-06,0.07432972301136363,88.65948941103687,-0.3708354849668965,-0.22396443154773044
692,692,B,1070.927,1071.136,0.20900000000006003,3.5230962e-06,0.06766183035714286,87.13526723295071,-0.5839376775807534,-0.22878538309718888
693,693,B,1071.136,1076.755,5.619000000000142,7.818867e-06,0.07653531161221591,120.39707515714599,0.8116680846308302,0.14673238753217277
694,694,B,1077.1,1078.664,1.5640000000000782,3.962276e-06,0.08066605548469388,111.32061498174828,0.2081289155503522,-0.1144166034933541
695,695,B,1078.955,1080.232,1.2770000000000437,2.6930227e-06,0.02418212890625,161.0069352856886,-0.15707432002367303,0.27382935244727374
696,696,B,1082.314,1082.946,0.6319999999998345,4.9378536e-07,0.0557373046875,81.15182986177533,-0.843087673877955,-0.18575668713755555
697,697,B,1087.596,1088.514,0.9179999999998927,4.440018e-07,0.05270070043103448,94.70245920167005,-0.6589169067134688,-0.10743698614109437
698,698,B,1090.173,1092.632,2.45900000000006,3.368716e-06,0.08201856737012987,128.65239013455283,0.6143085358685852,-0.006651024575064464
699,699,B,1093.173,1094.214,1.04099999999994,1.191843e-06,0.06409801136363637,103.20011082882614,-0.29854782622516296,-0.11105866193062344
700,700,B,1097.364,1098.786,1.4220000000000255,4.374198e-06,0.07982855902777777,91.54375267748193,-0.12361015950631046,-0.19459012223128092
701,701,B,1099.705,1100.264,0.5589999999999691,1.6140993e-05,0.040934244791666664,101.43738983672999,-0.8296104786651237,-0.0524355282438706
702,702,B,1100.668,1102.332,1.6640000000002146,4.2579363e-06,0.06393720518867925,121.7957307354239,0.061239248960796584,-0.006016216180227915
703,703,B,1103.777,1104.146,0.3689999999999145,7.2874445e-07,0.05712890625,149.80857543292112,0.1780380489197072,0.0595099364906258
704,704,B,1105.946,1108.8,2.854000000000042,1.4789708e-05,0.10459526909722222,107.34008340153228,0.7761443206201512,-0.15051065486152845
705,705,B,1108.809,1109.541,0.7319999999999709,1.9725867e-06,0.08568274456521739,94.5170340817389,-0.06074288766826457,-0.24139642705332243
706,706,B,1114.836,1116.182,1.3460000000000036,9.423314e-05,0.10411746002906977,97.87551436137397,0.42161598560331653,-0.24566743162863272
707,707,B,1119.232,1120.15,0.91800000000012,2.4959454e-06,0.07898370150862069,91.62150358874051,-0.20630343523301245,-0.21761403146846642
708,708,B,1121.086,1121.668,0.58199999999988,3.07796e-07,0.05674342105263158,68.17185864638061,-1.025469241139647,-0.24208816134826963
709,709,B,1122.377,1126.359,3.981999999999971,8.748015e-05,0.07451171875,122.97002231132535,0.5910452888225943,0.09705346387193223
710,710,B,1136.568,1138.059,1.4909999999999854,4.845323e-05,0.06317528257978723,134.89333605782087,0.21973689939174987,0.048000362043380373
711,711,B,1140.068,1142.064,1.9960000000000946,1.4872029e-06,0.08589099702380952,96.2604330511189,0.13949847136299334,-0.17016244482261902
712,712,B,1142.327,1143.532,1.2049999999999272,3.7389204e-06,0.062744140625,113.5295392878571,-0.14720549373291783,-0.05719427490504558
713,713,B,1144.068,1144.505,0.4370000000001255,1.1709179e-06,0.06239536830357143,99.31363217477133,-0.47047131264488734,-0.15087181528475918
714,714,B,1144.721,1144.866,0.1449999999999818,7.601459e-07,0.0349609375,65.32129592882987,-1.540491495378288,-0.19370372208017872
715,715,B,1145.332,1148.482,3.1499999999998636,1.8734714e-05,0.11069187973484848,128.88941314432202,1.2549963064517566,-0.07435572977678463
716,716,B,1150.164,1150.696,0.5319999999999254,2.1375567e-06,0.05801930147058824,96.8495325623395,-0.5777194552174574,-0.13877265434466854
717,717,B,1150.959,1158.1,7.140999999999849,3.679221e-06,0.06664385114397321,118.3776404815055,0.7985076081785909,0.25400018751581177
718,718,B,1159.905,1160.514,0.6089999999999236,4.0941063e-06,0.05771484375,114.5486141486127,-0.3075924905979095,-0.06514104110717062
719,719,B,1161.35,1162.936,1.5860000000000127,1.22590845e-05,0.066044921875,157.11287459201523,0.620588299216495,0.11961859144272549
720,720,B,1163.205,1167.391,4.186000000000149,1.18879625e-05,0.05547769561068702,112.28637898921514,0.09740301614257578,0.12141034481635782
721,721,B,1167.627,1170.673,3.046000000000049,4.543717e-05,0.056462605794270836,111.06282099889795,-0.05590479048717846,0.061390424102747726
722,722,B,1171.8,1172.364,0.5640000000000782,1.5672484e-05,0.11626519097222222,93.0734591508164,0.4753579723418461,-0.3675643698727873
723,723,B,1172.368,1172.559,0.19100000000003092,2.5173983e-06,0.059244791666666664,89.61943276198498,-0.7088379148220294,-0.18875048061061403
724,724,B,1172.559,1174.305,1.7460000000000946,1.7172888e-06,0.07437855113636363,110.8478908695175,0.10620925989405511,-0.08367935718738279
725,725,B,1175.164,1176.014,0.849999999999909,4.4754725e-06,0.06378399884259259,113.44065774355325,-0.17658825630197106,-0.0796550520558215
726,726,B,1176.018,1176.882,0.8640000000000327,7.767121e-06,0.040318080357142856,96.44937190558916,-0.8750419214487181,-0.055362729266856564
727,727,B,1182.441,1183.159,0.7180000000000746,1.7771214e-06,0.06290336277173914,88.66699453222394,-0.5827522314468082,-0.17905172921996748
728,728,B,1186.55,1187.382,0.8320000000001073,5.139084e-07,0.04689308449074074,86.42342159954859,-0.904938357444614,-0.12188725128826332
729,729,B,1197.686,1199.718,2.032000000000153,0.000113442155,0.07340240478515625,161.22543205742832,0.8813485209509171,0.15314946718067024
730,730,B,1199.727,1200.132,0.4049999999999727,5.4805178e-06,0.06802133413461539,101.55836020778588,-0.33434422415900805,-0.16408967557065815
731,731,B,1200.205,1201.205,1.0,0.0007564495,0.09619140625,163.96111466790762,1.2120978835181064,0.1662160671375209
732,732,B,1202.286,1203.432,1.1459999999999582,0.00017892911,0.06608072916666667,109.53083542190849,-0.15288464341559743,-0.04958620669672004
733,733,B,1205.273,1205.832,0.5590000000001965,1.640515e-06,0.07340494791666667,100.3714648093511,-0.2292199355477527,-0.18176314346181965
